"pixTitle","donationId","pixStatus","amount","pixCode","qrCodeImage","expiresAt","createdAt","paidAt"
"Doacao PIX 153535984928","153535984928","pending","5","00020126480014br.gov.bcb.pix0126doe@institutocomuta.org.br52040000530398654045.005802BR5914HGFEHDBCA307296009Sao Paulo62250521mpqrinter1535359849286304C949","data:image/png;base64,iVBORw0KGgoAAAANSUhEUgAABWQAAAVkAQMAAABpQ4TyAAAABlBMVEX///8AAABVwtN+AAAKO0lEQVR42uzdQXIqORIGYDlYsOQIHIWj4aNxFI7gJQsCTYyNqjJVwq7u5+6Ihu/fTEw1Vn31dpJSqSIiIiIiIiIiIiIiIiIiIiIiIiIiIiIiIiIiIiIiIiL/YvZ1mfdSar21Xxw+n5WyqfUSHtR6bQOc/v+/b58PdrWe77+4ff7Jx+cv3u+/qO3B54hf2Q0EJ1paWlpaWlpaWlpaWlra19Oe+gdt7EvS5rG/PmbbcO93bfj+qG0Ptp8PSinH+XN3AwEtLS0tLS0tLS0tLS0t7W9p28x4mk+HsQ/zxDnwvyxhPv3W/t/580fte3btwSJZe5xfQUtLS0tLS0tLS0tLS0tLm7SLDe6s/VpPqPeXRf7n+sO0Zf61fBBWKNqDr115WlpaWlpaWlpaWlpaWtp/VZst5f6Ly2APvY7Lvr/73KYtvzVDp6WlpaWlpaWlpaWlpaV9Eu2iyj3jPvmbvD7QtsDLvcq95C3zvMued+VH2j+qyaelpaWlpaWlpaWlpaWlfQbtw95rU5X7+70mPTx4aw/yOfSp91puxhZ2/MODTVqh+NNOcbS0tLS0tLS0tLS0tLS0qzLoN17SBHvRe62ELfPcgDzvoec5/6X8RmhpaWlpaWlpaWlpaWlpn0F7SJP98bHz2v/RtJ5Qf1wOCHXzi2Zs27SG8WOVOy0tLS0tLS0tLS0tLS3tc2vDZP88cxZF7aN26aFk4Jqq3Gve8e8Pssf7y2hpaWlpaWlpaWlpaWlp/zFtaF2eu6OXuco9zr/Dye59//a8Cf/djWBdZX3YlS+0tLS0tLS0tLS0tLS0tC+mDd3RL/1QsZf5YDkgvyze2X2477lv0oJEDb8Y39l9DSRaWlpaWlpaWlpaWlpa2l/S3vJ+dpst595ri/u7JlztH+Qy8XHvtXhWvAz+yWhpaWlpaWlpaWlpaWlpX0/bTfbD2Ke5l3mdx34baz/mXfnpErFzv55Q+7Pih3T2e/UN47S0tLS0tLS0tLS0tLS0z6PN2c1DvYXea/n+sqaNRe3H5XpC1x198Iqp99opXWhGS0tLS0tLS0tLS0tLS/sr2v18f9fjDe4wQ29j3xYvC7hTP4fPI+5Tq7UwQ6elpaWlpaWlpaWlpaWlfVlt6ffEc6fyfEh8m7Rx7OO8h76fFyQW2tH6Q/4HWXeJNy0tLS0tLS0tLS0tLS3tE2oPgzZui7G/+/3h3inu2l+Atuiffkk7/rluvnwnoKWlpaWlpaWlpaWlpaX9O9owQ/+Yx77lxmihSL1tcMdN9XzH98/d0XO/9XUl+LS0tLS0tLS0tLS0tLS0z6099DveZS57f3Bnd/v9pX3de/rcxfcszqGHk+2LW8BpaWlpaWlpaWlpaWlpaX9Fu7ize38/Zf3W13Bv+ku84w3bg95r0ww9j/hgD/1v3jBOS0tLS0tLS0tLS0tLS/sk2la1Pt3Zfe6PXbei9mu/5/61HHBOm/DTikP+k2Pald8P1hPK/GBFTT4tLS0tLS0tLS0tLS0t7bNpf1hPCHd2L6rc4+e+9xv89d6dLT8oqQF712otIGhpaWlpaWlpaWlpaWlpf0Vbv5+hl1Sy3na8b/lzc6u1RZV7KJMPrdau40vHzrS0tLS0tLS0tLS0tLS0r6rNW+CBH86hT2Mf5mPnl9T7PB5kH+BG6wk1nVTP3dxoaWlpaWlpaWlpaWlpaV9Le7oPte3vEruEvm6f2c5l791+/vtcEHBOv8iXeC/OoceT7evWE2hpaWlpaWlpaWlpaWlpV2rD/V352PU0n36Y6Rx2vrM7N0OfLA+r3Hd9d/Qfe6/R0tLS0tLS0tLS0tLS0j6ltqTVgrzjXVKVe1hgeAut00brCeHcep2/f9vXzed+6/WnPXRaWlpaWlpaWlpaWlpa2vXa0HttUTcetsynOXy+s7vOW+ajuvHFlD0vAtS/XTdOS0tLS0tLS0tLS0tLS/ts2rB8sG0vyzvep++XIEb8UqZmbKNubvt5/aGkPfS6osqdlpaWlpaWlpaWlpaWlvZZtYc6ulC7hhL0wcH0rhn6MdWwH/pubhl37j+3zhegXVbU5NPS0tLS0tLS0tLS0tLSrtfmoY7LLfPu9+/L/uS131Sfeq+Vecp+GU/x82FwWlpaWlpaWlpaWlpaWtoX1k5DLa4IC43RFvzt/ItbXi3IB9mPj+rgL4NtelpaWlpaWlpaWlpaWlraF9Tu01R+UZO+mOyPxm65Drqpf/Qv3A1KAEJRwY+3rdHS0tLS0tLS0tLS0tLSrtSWuXXape9lHvPw7fu5V1tunfYWDnIvrggLM/SS2ruVVTX5tLS0tLS0tLS0tLS0tLTPpm3d0Udb4Nt+Dz0vB8RT48f0dYsq9+NwgWGTy97XrX7Q0tLS0tLS0tLS0tLS0v4l7WA+/Zam26XVjbeXTb3XwhT/Oqgb36UG5PmK7ut4D/3H+8toaWlpaWlpaWlpaWlpaZ9SW+fu6DX1XsuWuOPd1hNC+/PIz98T9tC3qQL+Gq4Ffy9rQktLS0tLS0tLS0tLS0v7rNpc5V7m+8tuYfkgzP7Lowe3zG//YffwQf91a9YTaGlpaWlpaWlpaWlpaWnXa/Mx6l0/Q9/17cU/Eu7Sz+E/+mZseRGg9N3Z4py/PdjT0tLS0tLS0tLS0tLS0r6qdjxU7Te4px3vsAV+ni/xnrqjn9LiwGLEtmTRlckvDqbT0tLS0tLS0tLS0tLS0r6UNpegt/vLuk5xbT9/UQIQOsVtmuX0TZX7NEAYMawnrL5tjZaWlpaWlpaWlpaWlpZ2pfYtz6MDv+1nb1LrtFv7xXluhl7W9F4LDzbtQWjAvl3Re42WlpaWlpaWlpaWlpaW9vm0Jb0snAm/9VXum3Crdx2uJ2Tt8qB5W0/YD5q3jW71pqWlpaWlpaWlpaWlpaX9Q22YPpd0MPsyftkhtRff94XhX1P2h6+YLv0el5V/f7KblpaWlpaWlpaWlpaWlvbZtaVfT6iDsTN/E3Dt7HdYbohnxd/L8lrwPOJx1cluWlpaWlpaWlpaWlpaWtpn1e4Hc/ow2f9IuEUz9EsbIPRea+sJ8RLv41xIv9Du0lF3WlpaWlpaWlpaWlpaWtpf1J76B++DKvf26jDjfjBDP6fvCTXsb3lCvpih57p5WlpaWlpaWlpaWlpaWtoX1Iblg326ACwsMFwDf9B7rfbNzRfLB7d8Dn3wPZu1d3bT0tLS0tLS0tLS0tLS0r6INle5Ly7UDtrat44LZfK5ZGDUKW501L3S0tLS0tLS0tLS0tLS0v6D2pzjoCa93d91TvzwdSVc4p0vHQv90y9pm77+yXoCLS0tLS0tLS0tLS0tLe1/X/uwyj0cO78m/i0fTM/t0k9ph/w8WE+oNV7RnbfpvwktLS0tLS0tLS0tLS0t7V/SjnqvPdzP3qVu4ts6zEJ7nE927xJuumNs3Z3dtLS0tLS0tLS0tLS0tLTPqhUREREREREREREREREREREREREREREREREREREREfmv5H8BAAD//0VgW3Q4t203AAAAAElFTkSuQmCC","2026-04-07T20:24:30Z","2026-04-06T20:24:30Z",""
"Doacao PIX 152792326473","152792326473","pending","20","00020126480014br.gov.bcb.pix0126doe@institutocomuta.org.br520400005303986540520.005802BR5914HGFEHDBCA307296009Sao Paulo62250521mpqrinter1527923264736304C241","data:image/png;base64,iVBORw0KGgoAAAANSUhEUgAABWQAAAVkAQMAAABpQ4TyAAAABlBMVEX///8AAABVwtN+AAAKIElEQVR42uzdzXHjuhIGUKi08FIhKBSFJoemUBwCl1q4hFfPY5DdIPRje+pWjXy+3eWVwcPZAQ00ioiIiIiIiIiIiIiIiIiIiIiIiIiIiIiIiIiIiIiIiPyH2dd1Xkup9VLKy8d/nUo51lrKttZzKbuPB6Vsan0Pv2gPdsuD8vEn84gfv6i1Tu2dTbAbCE60tLS0tLS0tLS0tLS0tL9Pe+ofvC7/tVu0cez2i5da30o5/P/BH21ZLN2D9v3Tx7Pj/x+8h1fcItHS0tLS0tLS0tLS0tLSfl/bZsZT036M/SeHZeJ87h/UD21Z5t/zgzDAlWTtcXkFLS0tLS0tLS0tLS0tLS1t0r70pe1Z+7rgWpX9EkrmrUK+DcsHH99zbq9dVeVpaWlpaWlpaWlpaWlpaf8jbZhxnz7n07WNXVOVfX9t2/eqhl57bflbM3RaWlpaWlpaWlpaWlpa2ifRrna5Z1z9nP3Xtj7QVgvCAsP86rfBK8IKxTTW/mhPPi0tLS0tLS0tLS0tLS3tM2hv9V6bmqW1WpvSsfPVOfRde1DSg1DxDw+2+R/k553iaGlpaWlpaWlpaWlpaWnvp9/UHrWlr3jXazP01bb33LxtG4rqPwotLS0tLS0tLS0tLS0t7TNoD2myX/te5q3V2vvgT1/q9VwGNfTV97ykNYy7u9xpaWlpaWlpaWlpaWlpaZ9Vu7o/+23wo2Pa5Z6vKyvLAsP7YIC5wL/aN58v/X74HDotLS0tLS0tLS0tLS0t7YPaNkMv/Xy69ue2t6kZeh1o/yTscs8nwTe5ZB76veU5/9v9GjotLS0tLS0tLS0tLS0t7bNpr0zec6e0MPYqV86h57J7+Jgw4nxnd1020n+xUxwtLS0tLS0tLS0tLS0t7V3tpr/vaxNm6OHVu+X3q7z3I+bea11RPd/ZnU+TF1paWlpaWlpaWlpaWlra36ud1wdK6e7sPg5Pdm/DesJK+7EgMf+iaW+dBK93ljhoaWlpaWlpaWlpaWlpaZ9ZmxOq75ewCb4us/9Wwb8M/nrb73J/H3RzC7g8Ii0tLS0tLS0tLS0tLS3t39WG+XQZVLyvfE/7/dw6LVfISz/nP/bafCPYYblSjJaWlpaWlpaWlpaWlpb2d2pLP3ab7MfWaavu6LXvZZ67o4feazV1R88PulvAv3CJNy0tLS0tLS0tLS0tLS3tE2oPabL/Zzmg9iX9BzvF5e+ft73XtMu9veI9XAv+urzijZaWlpaWlpaWlpaWlpb2L2nDDH3qx77Syzyc225nv/88mPpt71O/h310T/jpe+sJtLS0tLS0tLS0tLS0tLRPpT0su9bLMvbohu1z3x393F493qS+7VcoXvoFg5fb7d1oaWlpaWlpaWlpaWlpab+vvXIjWMDlZuDz9+T24se+qJ5n6CG71HutDubwX7+zm5aWlpaWlpaWlpaWlpb2n9fmXe7ToKgeauih1dqmPXj7fNlcQ2/d3Opgl/vMeV2POC8wPLwnn5aWlpaWlpaWlpaWlpb2qbSlXz4I6wmrX4TkO7svwZL3wYfea/m6su34FXe7o9PS0tLS0tLS0tLS0tLSPqLdpxu+dsue9BrObZd1UX10snuukOdd7jV1Vls1IJ+Wqvzd3mu0tLS0tLS0tLS0tLS0tM+qLf39XbXnhxu2Q1F9E0rgq3bp4XOnpWTeXQu+SltguLvLnZaWlpaWlpaWlpaWlpb2+bT79AfToMDfruiOt43l9YTQKW6XtgBsgzY3YG/fn7cAlMG2d1paWlpaWlpaWlpaWlrab2oD58p8+tRvUj/0E/JwZ/etXm2xO3oYcZe6oz92Dp2WlpaWlpaWlpaWlpaW9jm1g1Zrqxp6/P3rtfvLdqk7ekkn22N7t9U59FW/dVpaWlpaWlpaWlpaWlraH2pDd/DVvvGXtKm7hBp60I6m7GXpN54/92VwkLv2k3paWlpaWlpaWlpaWlpa2t+pDQe5847z0XpCPup9XhYY4npCOPu9603TckXYtq+hz6GlpaWlpaWlpaWlpaWl/W3aUOB/CYfK7xxMb5vaS1+wDxX/TV5gKOvvKfmdj3WKo6WlpaWlpaWlpaWlpaV9UBv+Vy5wX/qh8gx9pZ1brZW0y70sE/JNf+l3GZfpKy0tLS0tLS0tLS0tLS3t79OGc+jnvnVa5r8n/ib3Xhvvcq+DFYr8i7mGHviP9V6jpaWlpaWlpaWlpaWlpX027bgcvxkfEt8tu+K3gxvORvvm99e2yc8PTv2mAlpaWlpaWlpaWlpaWlrav6I9DI9dj4aq/ZR9HqBtUp8PZuez4qOsmrc99g9KS0tLS0tLS0tLS0tLS/vU2sutXe5htWA3WC049dePtU3t8/cc0z9IyzYvH4zPrdPS0tLS0tLS0tLS0tLSfl/bSubn9LLulHXbNz6lEnu4cvuSPmb+wFyVH13RvVoEuNtvnJaWlpaWlpaWlpaWlpb2+bT7peId1xMaZ0ol9nNfMh/tcg+917bjzmrhY0bt3W6ElpaWlpaWlpaWlpaWlvZZteFl83rCa89v6wmlXw6YO6W17uj14YPsUfuV1Q9aWlpaWlpaWlpaWlpa2ser0nmot88Z+uh2rjCHH+1yr+FGsFBDv6rt5vztwZ6WlpaWlpaWlpaWlpaWlvbaUEF7SHd2t7E3GZdPqtd01L0tWbz3dfvtve7otLS0tLS0tLS0tLS0tLTPqi1LfT4fEr+E9YRj37r8mL7qtFT8p345IH9/7XG53/rXO8XR0tLS0tLS0tLS0tLS0t6doV/fk36199q8y/2wTMhDyXyTN8a3OX9oxrZtD65se6elpaWlpaWlpaWlpaWl/T3akl4Wxr5cPSSeO6XtU8l8t/Br1uZ/kHzH95d7r9HS0tLS0tLS0tLS0tLSPp7uRrBxxXvUXnxf17lz/dh+Oci9yu2T3bS0tLS0tLS0tLS0tLS0z64tg/WEXBPPx643YU96OPu9GxfV89HwfX94POxyP5dvhJaWlpaWlpaWlpaWlpb2n9eOlgNeF23IvCf9tGjPbYDXvvda3uV+7DfSv6Zt76Oj7rS0tLS0tLS0tLS0tLS0P9eehgXueYI93uW+GW97z7vcRxXyKxPyY6rKn2hpaWlpaWlpaWlpaWlpf6U2bGrff756029qXyX3XuvSlg+mdOnYqoa+GpGWlpaWlpaWlpaWlpaWljZdqD1aTwiz/0t7+9vgYHoesaQFielGQX977yA7LS0tLS0tLS0tLS0tLe2PtbeGCpvaRzeCvaU/mdKlY+dw1Du887C0Sz9/bz2BlpaWlpaWlpaWlpaWlvYptHd2uR9rvFC7prHL58tiM7bRfWerZmyDEe+GlpaWlpaWlpaWlpaWlvZL2lVyd/BcIW/N1eYaes70yIj7tPE8VNnfaWlpaWlpaWlpaWlpaWl/q1ZERERERERERERERERERERERERERERERERERERERORfyf8CAAD//xhca+/ap71MAAAAAElFTkSuQmCC","2026-04-07T20:10:54Z","2026-04-06T20:10:55Z",""
"Doacao PIX 152788445509","152788445509","pending","20","00020126480014br.gov.bcb.pix0126doe@institutocomuta.org.br520400005303986540520.005802BR5914HGFEHDBCA307296009Sao Paulo62250521mpqrinter15278844550963047B80","data:image/png;base64,iVBORw0KGgoAAAANSUhEUgAABWQAAAVkAQMAAABpQ4TyAAAABlBMVEX///8AAABVwtN+AAAKCElEQVR42uzdQXLquBYGYFMMGHoJLIWlhaWxFJbAkAGFXzVE+BxJ5JLkvq5q/P2T7vJN5M+ZSTo6GkRERERERERERERERERERERERERERERERERERERERORfzHZqs//nH1a3/z31f+tj/uFj/8E0XW//HecH0zSdwwDlf8eO4EBLS0tLS0tLS0tLS0tLuzztoX6w/xz7rt3VD0rWt7ffB/j4B7eutfHB7fvPCXcp2sPXJFpaWlpaWlpaWlpaWlran2uDZTvP0B9j37SXNJ++z783ZT798fn2MU2w12HE269s0oOoLVP8My0tLS0tLS0tLS0tLS0tbRwq7niXBNw1PL6tOKzK24d5y/ySPvdaBrinLEjQ0tLS0tLS0tLS0tLS0v7L2sd8epjn3w9c2SE/zw+auvG4534rE1+FV0ypbpyWlpaWlpaWlpaWlpaWlrZf5V6WD07z+sClcw77XF69/+KY9nHWxir3rP1VTT4tLS0tLS0tLS0tLS0t7Ttoe73XwnrCbq5JDw9W5cExPRjLgyE9yNryYF0fTP9ppzhaWlpaWlpaWlpaWlpa2tcTatIPnbH3w5D30Psz9Kbsfervyv82tLS0tLS0tLS0tLS0tLTvoN3NJehhPWF6+qBpht5Uue8+d8jX9ZVimzTipdO8bTN3U6elpaWlpaWlpaWlpaWlXZa2P9l/SZur3NfhlHlzsr2pm+8vSNDS0tLS0tLS0tLS0tLS/l3t0G6BX/ODMPYtq7pTWtVZLeyhN7eAb/ub8N/eVKelpaWlpaWlpaWlpaWlfStt3kM/pk7lWTvVe+KPTmllgeFUt04bU2u259//Mb/iSEtLS0tLS0tLS0tLS0v7N7T5dq7QjO2aX1b4w7zL/rz32lAXnpcRN2kOn7u5DbS0tLS0tLS0tLS0tLS0C9aGO7iHNLeP/xyGmjo75Ie5an2qu6PnPfTzK6X2tLS0tLS0tLS0tLS0tLSL1ZbLxfKd3U827APunHb8/3Bn91D/QWKVe1hg+Pr+MlpaWlpaWlpaWlpaWlra72tjDfv07O3lJ1Zhxr2rW61Nac5fvn/V34QP/can79Xk09LS0tLS0tLS0tLS0tK+n3YIJeh57Ny6vLRLX9Wd0ladlYRLOna+qk+25118WlpaWlpaWlpaWlpaWtola0Nz89y1rXnw5QDhEu9w7DyeKw/rD9vUKW4s6wk1iZaWlpaWlpaWlpaWlpb2V9o8Q5/movbejPulG7bvL8t76Ln3WrOHPv1sPYGWlpaWlpaWlpaWlpaW9n20+crtMPuvxg677KFX20Obi9R3qTvbkG5EG9Kt3vn7HwsSB1paWlpaWlpaWlpaWlrav6H96kawPNR57r0WT3aXuvFLOgledTAv399cC/6d3mu0tLS0tLS0tLS0tLS0tG+sDVXu4zxU1Xut7mV+Dd3Rp/rO7rIrv65xU3jQ6Y4+hX7rtLS0tLS0tLS0tLS0tLSL0jZ3duf1hOaQ+JiuK8uF8etSIbBLPx+q1jepf/o9p2/s+NPS0tLS0tLS0tLS0tLSfks7zHviuag97qGXDe5T2jIPPxEH6FW551WBr64F39LS0tLS0tLS0tLS0tLSLlc7dPqgPS9B7x87n9JyQHNnWPWKupt6MwAtLS0tLS0tLS0tLS0t7WK1ZbVgCKfGD+nU+NixhHbpY63t1c0359BDu/SXQ0tLS0tLS0tLS0tLS0v7UkIz9O3nlnnurDaUocZ0kDtUuVcnu8vZ71Pd3q05K94U0tPS0tLS0tLS0tLS0tLSLlAbbtjO6wlTLnvPG9wf6f6y3npCM0Bo7zZ1/iAf86b6kZaWlpaWlpaWlpaWlpb2L2lLq7VNp4C71xhtSue2t8/Kvnu3gMd39kd85f4yWlpaWlpaWlpaWlpaWtr305Y0Yz9ZTzilmvRN5+vC96/DCkXYQz/Ou/Kb9Ad5ObS0tLS0tLS0tLS0tLS0b6jdPXtZPoceD4l/1N3Z9vPn5vWBsMF/zfedhbr5Q/oLvXDbGi0tLS0tLS0tLS0tLS3tt7TndMP2qm6MlnMNNem7dLI7V7nnPfQnLc1DZf351Rk6LS0tLS0tLS0tLS0tLe27aZuy933aVD/Um+qls1o+h15pc3f08P3hiu5Y5R4WGGhpaWlpaWlpaWlpaWlpF6jd1kXqQ7ptLE/2w088tGF/Pjd6i3Xz/TL5/P1TZ0RaWlpaWlpaWlpaWlpa2p9rh84G9767h37p4M7pc/OEfAg3gu07l46Vr2vOih//NE+npaWlpaWlpaWlpaWlpX0/7Xbe8X5e5T60Y/eq3Jui9nX6/nvG9HWx7L0m0dLS0tLS0tLS0tLS0tL+Sns/2Z2HCnXjT+/sjjeCNXvou88runNVeNXeLWyZh0LyMy0tLS0tLS0tLS0tLS3torXVekKpch/Tbzbt0sODuHxQeq9d6jL5ZoXiSXs3WlpaWlpaWlpaWlpaWtplagOuySFdVzbOFQK9scdaO87n0B+F9PcHnTWMF9cTaGlpaWlpaWlpaWlpaWlf0W7T/V2nznw6XOkd2oWvwvx7N5exj/XZ7zxifEUz5y8P/niym5aWlpaWlpaWlpaWlpb2LbXTPNnPndLiAkO+v2uqO6WFLfDjXDe/DmXyw/CHFY0pH2SnpaWlpaWlpaWlpaWlpV2UdkinxsNkfxXWE8qF2s2p8alzZ/cxvf1Uv22cD6Zf6h3/uMRBS0tLS0tLS0tLS0tLS/tLbemDVnVK69wI1it7n57yc6u1fV0YH5qx5T10WlpaWlpaWlpaWlpaWtplavM59GHe8V7lKvfODdt5x3sVcLld+pS26af5YPolv7N/sp2WlpaWlpaWlpaWlpaW9ufavGUe6sY3nd8MJ7t7Z7+bO7tP9YhhU72qRM8Ny2lpaWlpaWlpaWlpaWlpF6mt0hSp5yr3sP6wTUXqofda79LveOlYcyPY7b8bWlpaWlpaWlpaWlpaWtpFardTm/LqTacEPezP5+7oz8+hh1f0tGN9C/gLneJoaWlpaWlpaWlpaWlpaV/SHuoHece7VLln7TWXyfdvBGvSNG/LM/R1qpunpaWlpaWlpaWlpaWlpV2ctumUlmvYQ3f007x88CRhPeGS1h+ao+5Nlfsre+i0tLS0tLS0tLS0tLS0tMvSXjs7/mE54HEOvWkMF+7szpd+Vw/quvmqdRwtLS0tLS0tLS0tLS0t7f9HW5qxjfX0+VS3Wst74o/Wac2EvNOdbQp76EN9RRgtLS0tLS0tLS0tLS0t7QK1nSr3B3+YVwvyJd6XtOJwLasFx84rpnQwffjx/WW0tLS0tLS0tLS0tLS0tN/S9qfbq/ygKSTPW+b71F5893np9yXw+1P2POLw405xtLS0tLS0tLS0tLS0tLT/ca2IiIiIiIiIiIiIiIiIiIiIiIiIiIiIiIiIiIiIiMh/Jf8LAAD//wRz7XZw+nAvAAAAAElFTkSuQmCC","2026-04-07T19:55:01Z","2026-04-06T19:55:02Z",""
"Doacao PIX Exemplo","doacao_teste_001","","25","","","2026-04-06T21:00:00Z","2026-04-06T20:30:00Z",""
"Doacao PIX 152941913303","152941913303","pending","20","00020126480014br.gov.bcb.pix0126doe@institutocomuta.org.br520400005303986540520.005802BR5914HGFEHDBCA307296009Sao Paulo62250521mpqrinter15294191330363040BBD","data:image/png;base64,iVBORw0KGgoAAAANSUhEUgAABWQAAAVkAQMAAABpQ4TyAAAABlBMVEX///8AAABVwtN+AAAKKElEQVR42uzdQXLquhIGYFEMGLIElsLSYGkshSUwZJBCryoH4W5ZBJKcd6sOfP/s+nLsz5lZ3WoVERERERERERERERERERERERERERERERERERERERER+Q+zqfPsS6n1Usrq878OpexqLWVZ67mU9fUXi1o/wi/K9cJ6ulA+/8ntjp+/qLWe2jObYD0QHGhpaWlpaWlpaWlpaWlp30976C/sp/9aT9rZvf9oj6VsJ36ZLN2F9v6nz2u76w1uj/iKREtLS0tLS0tLS0tLS0v7c20DnJr2895/sp185+nCpX1/H68/W7Qf/bkQbnAnWbubHkFLS0tLS0tLS0tLS0tLS5u0q760fdPuJ1yrsl9CybxVyJdh+eDzfc7tsbkqT0tLS0tLS0tLS0tLS0v732nDF/fh+j1dU9/4l43noZE8/yJry9/6QqelpaWlpaWlpaWlpaWlfRHtrMs94+r167+29YGW0OV+e/Rx8IiwQnEaa3/Vk09LS0tLS0tLS0tLS0tL+wrar2avnZqlbTs/pW3ns33o63ahpAuh4h8uLPMf5PeT4mhpaWlpaWlpaWlpaWlpH6dvao/aPDptk4rq+Qt91vZeUhF+GYrqvwotLS0tLS0tLS0tLS0t7Stot+ljv/azzLfTMPScZetJH+cyqKHP3meV1jAedrnT0tLS0tLS0tLS0tLS0r669n6TepjrVscV/7zAkHMr8M/65vOh38/tQ6elpaWlpaWlpaWlpaWl/a528D3d1dDD9/RhgNtNw9vCN3/eCb7IJfOa/kn4ZD8+qqHT0tLS0tLS0tLS0tLS0r6edjPNMp91nK/CrcIJ2znHdKDZaXr/aNn1F8IdcyP9c5PiaGlpaWlpaWlpaWlpaWm/qw3brhfhCz30ja+n38/y0W4QTgQLo9ZK/0Xf1dzzmWG0tLS0tLS0tLS0tLS0tO+qva0PhAL3nZL5Z5ZhPaGmYWyH60bu2y+adtW/Xaji155ES0tLS0tLS0tLS0tLS/tG2py8nlDD7LU8y3w3dcXf4Yf1hDyMbbYPfXaINy0tLS0tLS0tLS0tLS3tX9GG7+kyOGH7zvu036+mknkJNyj9N/9ummA+Gy+eN4/T0tLS0tLS0tLS0tLS0r6ntvT3rtflg9mFZV5gyLPMd1OX+zHNXqtpOnq+MFtPePoQb1paWlpaWlpaWlpaWlraF9Ru08d+63K/hP+9T23vdyfFffTvf2t7r6nLvT3iIxwLHh5xpKWlpaWlpaWlpaWlpaX9S9qSmtpn965pdHmooS/T3u8/F0592/ushz3zb9PcfrKeQEtLS0tLS0tLS0tLS0v7Utp8Znfpu9y3qSc9T0c/t0ePm9SX/frAanzh7ng3WlpaWlpaWlpaWlpaWtqfa++cCBZwNX1P394njxff9UX1/IUesh50on9z9hotLS0tLS0tLS0tLS0t7etpc5f7aVBU/5PWk55P5F61xYFQQ2/T3OL77Pu/0H5+x9sCw9M9+bS0tLS0tLS0tLS0tLS0L6Ut/fJBHl1+dzBaPrP7Eiy5D362s/3OHfM0N1paWlpaWlpaWlpaWlraX2o36YSv9XTvGvZtl3lRfbSz+1Yhz13utR/elgeQn6aq/MPZa7S0tLS0tLS0tLS0tLS0r6ot/fldtefnnKYS+0eYzlb7h4Xft5J5dyz4LG2B4WGXOy0tLS0tLS0tLS0tLS3t62k3Q0us+G9TT/ppKvAvwz9sbezr1AKwDNo8gH1/XW6YNRXUvu2dlpaWlpaWlpaWlpaWlvaH2raz+/73dJisdu5/Pzuz+6tZbfFY8HDHdZqO/tw+dFpaWlpaWlpaWlpaWlra19QORq3FGvq+//3+3vll6zQdvaSd7XG822wf+mzeOi0tLS0tLS0tLS0tLS3tL7VhOvisb3yVmrpLqKEH7eiTvUzzxvPrrgYbuWv/UU9LS0tLS0tLS0tLS0tL+57asJE7dJyX8XpCuLC8u54Q9n6PtoZv0kbudX/od6WlpaWlpaWlpaWlpaWlfT9tKPCvwqbyhxvTF6E+3/KRKv6LvMBQ5u9T8jOfmxRHS0tLS0tLS0tLS0tLS/ukNvyvXOC+9LfKuWlLP2qtpC73Mn2QL/pDv8u4TF9paWlpaWlpaWlpaWlpad9PG/ahn/vRaZn/Mfj6r9Mw9FGXex2sUORf3Grogf/c7DVaWlpaWlpaWlpaWlpa2lfTjsvxi/Em8dblPtqH/jHum9/ca5O/XTj0TQW0tLS0tLS0tLS0tLS0tH9Fux1uux7dKrS9dzX08Mler9PcLg8eO3vd5/6gtLS0tLS0tLS0tLS0tLQvrb181eUeVgvCekI8bWzXryfk99mlP0jLMi8fjPet09LS0tLS0tLS0tLS0tL+XNu+uM/pYd0u69Y3fkol9tmR2+v+BXNVfnRE92wR4OG8cVpaWlpaWlpaWlpaWlra19Nupop3XE9onFMqsZ/7kvk5LUjEFYqSiur5/cPLfDXejZaWlpaWlpaWlpaWlpb2jbSzjvPNdVLaJS0flFC+z8sB7cIlDGMLKw53NrJn7TdXP2hpaWlpaWlpaWlpaWlpn69Kh1sdr1/oo9O5wjf8Jd9gl3rYt6mGflfbffO3CxtaWlpaWlpaWlpaWlpa2vfVdieCDUrmN+12mo4evv4XfZd7fJ+atrq3JYuPcMfP91k+mo5OS0tLS0tLS0tLS0tLS/va2vDoYz8p7jAtMOSKf9S2iv9psEKRExrpl4NG+q8nxdHS0tLS0tLS0tLS0tLSfktbp43co5708YHai/aBfUw7u0PJfJH74NsNwjC2Zb8q8DGo29PS0tLS0tLS0tLS0tLSvoV2NDqtTPvQ83T0cH5ZGVTIb23yocu9pBesoYaeR7M9PXuNlpaWlpaWlpaWlpaWlvZbE7xnJ4KNK95hvHh3RHfti+oPur/3qW6fe9U33z6/jJaWlpaWlpaWlpaWlpb2ZbRlsJ6Qa+LLvoZ+60kPe7/X46J63hq+6TePh775c/lBaGlpaWlpaWlpaWlpaWn/ee1oOWB0flnoST9M2nO7wb6fvZa73Hd9I/0+tb2PtrrT0tLS0tLS0tLS0tLS0v5ee/i6wD07ULv288br8Av9ToX8zgf5LlXlD7S0tLS0tLS0tLS0tLS0b6kNTe2bwZ7w3fDRefZal7ztvE6ngJ/GaxiVlpaWlpaWlpaWlpaWlpZ2rp1V/Puv/0t7+nGwMT3fsaQFiVkPQUkX4hoGLS0tLS0tLS0tLS0tLe3/QVummvihv1Voah+dCHZMTz+lQ8fO463e22lc+vk36wm0tLS0tLS0tLS0tLS0tP+4dtDl3s1eCwdq13Tvcn3YbR/63aJ6CXfcz/vmnwktLS0tLS0tLS0tLS0t7be0s8w+n0OFvPFvNfRZjqlkPrrj6NCxcCw4LS0tLS0tLS0tLS0tLe0bakVERERERERERERERERERERERERERERERERERERERP6V/C8AAP//x8gaFf23J98AAAAASUVORK5CYII=","2026-04-08T19:09:20Z","2026-04-07T19:09:21Z",""
"Doacao PIX 153682849094","153682849094","pending","20","00020126480014br.gov.bcb.pix0126doe@institutocomuta.org.br520400005303986540520.005802BR5914HGFEHDBCA307296009Sao Paulo62250521mpqrinter1536828490946304A149","data:image/png;base64,iVBORw0KGgoAAAANSUhEUgAABWQAAAVkAQMAAABpQ4TyAAAABlBMVEX///8AAABVwtN+AAAKQ0lEQVR42uzdQXLivhIHYKVYsOQIHIWjwdE4CkdgyYJCr14msrtlkUAy9a8a8v124yH2BzupW+0iIiIiIiIiIiIiIiIiIiIiIiIiIiIiIiIiIiIiIiIi/2G2dZlDKbXeSlm//+tYyr7WUla1XkrZvF9omT5Rylut1/f/rvMnVuGO75+otZ7bM9s9NgPBkZaWlpaWlpaWlpaWlpb292mP/YXD/K/NrF3c+/quPZWy+/+f/NGW2dJdaN///H5t/3GD0n//EYmWlpaWlpaWlpaWlpaW9vvaBjg37fu9/2Q3+y79hfquLfP6e7oQbnAnWbufH0FLS0tLS0tLS0tLS0tLS5u06760PWkPM65V2W+hZN4q5KuwffD+fS7tsYuqPC0tLS0tLS0tLS0tLS3tf6QNK+7jx3q6tnvXVGXf3mv7XtTQa68tf2uFTktLS0tLS0tLS0tLS0v7ItpFl3vG1Y/Vf237A223oM5d7tOjT4NHhB2K81j7o558WlpaWlpaWlpaWlpaWtpX0H42e+3cLO3Y+TkdO1+cQ9+0CyVdCBX/cGGVf5CfT4qjpaWlpaWlpaWlpaWlpf06fVN71Ja54l3TQPHFCn3R9l5SEX4Viuo/Ci0tLS0tLS0tLS0tLS3tK2h3abFf+1nmu0GTesu63s9tUENffJ912sP4ssudlpaWlpaWlpaWlpaWlvaFtfmU+Wnw36E+v5gUd5o3GK6DP50K/Iu++bZDUZ84h05LS0tLS0tLS0tLS0tL+5R2l0aX55PdJZ3bzve+5u8T+O2O+ST4W17ih3lvec1/erSGTktLS0tLS0tLS0tLS0v7OtrtPMv8kh4dJ6WVwTC2jDsk3G7eMFh8mXDHa/i9DvOFBybF0dLS0tLS0tLS0tLS0tI+q930PdyLR2/mzy9y7e+YZ68tiuqxhp5PkxdaWlpaWlpaWlpaWlpa2t+rnfYH9v2k8nEPe3wj2EL7viGxCncMRfiazopv+ulsj+0n0NLS0tLS0tLS0tLS0tK+lDYn7yfUMHstzzLfz5PV7vDDfkKe5lZnXL4jLS0tLS0tLS0tLS0tLe3f1Yb1dBm8YfvO92mfjyXwcIMyXPPf+vHiXZc7LS0tLS0tLS0tLS0tLe0v1pb+3m2x/9Yv9ld5gyHPMm9V9k0/e21Ulc9d7uf0iMde4k1LS0tLS0tLS0tLS0tL+4LaXVrs/9kOCC3o4ZD4KGFS3LX//lPbe01d7u0R1/Ba8NBlcKKlpaWlpaWlpaWlpaWl/UvasEI/D+6dK96hhr5KZ7//XDj3be/nvoc986dpbt/ZT6ClpaWlpaWlpaWlpaWlfSntbu5aDyXzO+PS83T0S3v0uEl9Ne5yDxsG68/Hu9HS0tLS0tLS0tLS0tLSfl/7xRvBFsPAp++Tx4vv+6J6XqGHbNLstTpYw3//nd20tLS0tLS0tLS0tLS0tP+sNne5nwdF9ZJ60mt6I/e6bQ6EGnqb5lZzl3vYstjOVfnF8Lb1Ez35tLS0tLS0tLS0tLS0tLQvpS399kHYT1h8Ivewh3d233IP+/id3bmpYDV+xJfT0WlpaWlpaWlpaWlpaWlpH9Hm5fMmzV6rafm8SkX10cnuqUKeu9zzW8AXA8jPc1X+y9lrtLS0tLS0tLS0tLS0tLSvqi39+7tqz88PO88l9muYzlb7h4XPt5J591rwRdoP8mWXOy0tLS0tLS0tLS0tLS3t62m36Q/OgwL/LvWkn+cC/yr8YZsUt0ktAKugzQPYD/MORWgBKIO2d1paWlpaWlpaWlpaWlrab2rbye776+kwWe3Sf37xzu7PZrXF6ejhjps0Hf2xc+i0tLS0tLS0tLS0tLS0tK+pHYxa62ro+fOHe+8v26Tp6LkIvxjv1u0n5HnrtLS0tLS0tLS0tLS0tLQ/1Ibp4Iu+8XVq6i6hhr7QjvvGr/3XXQ8Octd+UU9LS0tLS0tLS0tLS0tL+zu14SB37jgf7SeEC6t+XHoc3lb6onou04eD3Jv+pd+VlpaWlpaWlpaWlpaWlvb3aUOBfx0Old89mN60b/0buaftg1M/ze107/uU/MzHJsXR0tLS0tLS0tLS0tLS0j6oDf+VC9y3/laLLvdruBBGrZXU5V7mBfnbYEU/KtNXWlpaWlpaWlpaWlpaWtrfpw3n0C/96LTMvw6Okdd5GPqoy70OdijyJ6YaeuA/NnuNlpaWlpaWlpaWlpaWlvbVtHeb1EeHxNu9p3PoYVz6ddw3v73XJp/vGN+ZRktLS0tLS0tLS0tLS0v7V7S74bHr0a3qvGS/DYrq8WB2Pis+yuLrPvaD0tLS0tLS0tLS0tLS0tK+tPb2WZd72C3Y9Be2H6PT4vZBa2qf+uD36QcJRfhLz68PvWGclpaWlpaWlpaWlpaWlvYhbSuZX9LDulPWfd/4W65472sdjBe/9lX50Su6F5sAX84bp6WlpaWlpaWlpaWlpaV9Pe12rnjH/YTGOacS+2UumcftgN1gOlvbMBhNVgtf5s54t0JLS0tLS0tLS0tLS0tL+8u0i47z7cektFsetRbK97mCf5rb3lepYH//IPtC++TuBy0tLS0tLS0tLS0tLS3tMzX06VanjxX66O1c63SyO75he5962Hephn5X263524UtLS0tLS0tLS0tLS0tLe3v027naeexy31QMo8V8sPc5R5ukLvcu4PpYYeibVlMffNt9trqq+notLS0tLS0tLS0tLS0tLQvrM059ZPijh8bDKvBMfLwiT8bDOd+O2DT3z800q9CI/3hoUlxtLS0tLS0tLS0tLS0tLTPar98Rfdo9tqfC6d5vHpJJfO33BjfVvRhGNuqXahpyf757DVaWlpaWlpaWlpaWlpa2pfUlvSwcO/b4JB4vPegQj61yYcu95D4g7ThbfXp2Wu0tLS0tLS0tLS0tLS0tE9N8B73jS8q3pf528V3di/yxTHybSqZ1/6o9/bp95fR0tLS0tLS0tLS0tLS0r6Mtgz2E3JNPB+7fgs96eHs92ZcVG//PZ3szofHw7z1S/lGaGlpaWlpaWlpaWlpaWn/ee1oOyAs9s/zJ6ee9OOsvbQbHPrZa7nLfd830h9SD8FxnsheaGlpaWlpaWlpaWlpaWn/nvY4LHBPC+zFC7XrPG980aSeu9xHFfI7C/J9qsofaWlpaWlpaWlpaWlpaWl/pTZsH2wHZ8L3w0fn2Wtd2vbBeR7vNqqhL+5IS0tLS0tLS0tLS0tLS0ubXqi9GB2XV/+39vTT4GD6cdAycLeHoKQLnx9kp6WlpaWlpaWlpaWlpaX9sbbMNfFjf6vQ1D56I9gpPf2cXjp2GR/13s3j0i8/2U+gpaWlpaWlpaWlpaWlpf3HtZ91ueeSeWhqj+PSD/Ox8/z9F13um/6oe26T/zy0tLS0tLS0tLS0tLS0tE9pF1ksn0OFvPGnGnrOZ13hi09c2yNalf1KS0tLS0tLS0tLS0tLS/tbtSIiIiIiIiIiIiIiIiIiIiIiIiIiIiIiIiIiIiIiIv9K/hcAAP//viEj3ii1DK0AAAAASUVORK5CYII=","2026-04-08T18:49:59Z","2026-04-07T18:49:59Z",""
"Doacao PIX 152787877333","152787877333","pending","20","00020126480014br.gov.bcb.pix0126doe@institutocomuta.org.br520400005303986540520.005802BR5914HGFEHDBCA307296009Sao Paulo62250521mpqrinter15278787733363049C44","data:image/png;base64,iVBORw0KGgoAAAANSUhEUgAABWQAAAVkAQMAAABpQ4TyAAAABlBMVEX///8AAABVwtN+AAAKH0lEQVR42uzdQXLquBYGYFEMMmQJLCVLg6VlKSyBIQMKveokss+R5YTcm9dVDd8/azdX/pyZdI6kIiIiIiIiIiIiIiIiIiIiIiIiIiIiIiIiIiIiIiIiIv9i9nWZYym13kp5ef+vt1IOtZayrfVSyu79Qcv0i1I2tV7f/3edf7ENI77/otZ6bu9sY+wGgjdaWlpaWlpaWlpaWlpa2ufTvvUPjvN/7WZtHPv4iXup9VTK6/ygzJbuQfv+8/uzwz8PruEVX5FoaWlpaWlpaWlpaWlpaf9c22bG56Z9H/sjr/PE+dIeHOf59+nzZ5v2o48HYYCVZO1hfgUtLS0tLS0tLS0tLS0tLW3SvvSl7aDd5Ir34Z/fb8OzVkOflg/ev+fSXruoytPS0tLS0tLS0tLS0tLS/kvaMON++5xP1zZ2TVX2/Vrb96KGXntt+a0ZOi0tLS0tLS0tLS0tLS3tg2gXXe4ZVz9n/7WtD7SELvfp1afBK8IKxXms/auefFpaWlpaWlpaWlpaWlraR9B+dfbauVnatvNz2na+2Ie+aw9KehAq/uHBNv9B/v6kOFpaWlpaWlpaWlpaWlra77PYyB20+ei0fSqq5xn6ou29pCL8NhTV/yq0tLS0tLS0tLS0tLS0tI+gfU2T/dqfZf6aZvrnZLmMFyTaAIsa+uJ7XtIaxrdd7rS0tLS0tLS0tLS0tLS0D6x9TyzHL3JIXe75urKSFhgWA0wF/kXffFuhqD/Yh05LS0tLS0tLS0tLS0tL+yPtazoYLe/sXlwAFsZeaKcJfJvz5xn9JpfMB3P+aa94oaWlpaWlpaWlpaWlpaV9Mu1+Pss8DxVPSss3bOec0oVm5/T9NXXFd7iwnlDnRvr7ToqjpaWlpaWlpaWlpaWlpf2pNmy73oQZep0n5Lv59+sJN4KFo9YWVfkSauh5N3mhpaWlpaWlpaWlpaWlpX1e7bQ+cJhL4Csl8zIX1U/997RbwG/hFxlX0++nP0hPoqWlpaWlpaWlpaWlpaV9Im1OWE8o/VDxLPPDfLLaCj+sJ+TT3Kb0I9LS0tLS0tLS0tLS0tLS/q42zKdLX/F+6bddhy7326IEHgYogzl/1o43j9PS0tLS0tLS0tLS0tLSPq229GO3yf7iQTwdvfZnmefT0V/TAKe0Dz086G4B/8El3rS0tLS0tLS0tLS0tLS0D6h9TZP9j+WAZtmlTeKjnMYXmpX5wX7uYc+vuIZrwY/zK060tLS0tLS0tLS0tLS0tL+kDTP0cz/26unot/6KsI8H577t/dz3sGf+dJrbn6wn0NLS0tLS0tLS0tLS0tI+lPZ17lov89jdcen9AsMm1NDrWpP6NjS1L9YTcpv8+Hg3WlpaWlpaWlpaWlpaWto/167cCBZwNc2np+/Jx4sf+qL66gx9N+hE/+HZa7S0tLS0tLS0tLS0tLS0j6fNXe7nQVE91NDDUWub9uD0+bKpht5Oc4vfc+z/QsfliNMCw909+bS0tLS0tLS0tLS0tLS0D6Ut/fJBPro8/yL3sIc7u2+5h31xZ/egqWA7fsW3p6PT0tLS0tLS0tLS0tLS0t6j3acbvnbp7LUaps99UX20s3uqkI+63AfnjddcQ7/j7DVaWlpaWlpaWlpaWlpa2kfVlv7+rtrzc85zif0a7uCu/cvC71vJvLsWfJG2wPBtlzstLS0tLS0tLS0tLS0t7eNp90NLLPC/poPeznOBfxv+YfvFLrUAbIM2H8B+/FxuuPQtALVve6elpaWlpaWlpaWlpaWl/UNt29m9Pp8OJ6td+t8v7uz+6qy2eC14GHGXTke/bx86LS0tLS0tLS0tLS0tLe1jagdHrcUa+rH//XHt/rJdOh29pJ3t8Xi3xT70xXnrtLS0tLS0tLS0tLS0tLR/qQ2ngy/6xl9SU3esoQftaMpe5vPG8+e+DDZy135ST0tLS0tLS0tLS0tLS0v7nNqwkTt0nJfxekJ4sF1dTwh7v0dbw/dpI/euv/S70tLS0tLS0tLS0tLS0tI+nzYU+F/CpvJvN6ZvWn0+rCdcU8V/kxcYyvJ7Sn7nfSfF0dLS0tLS0tLS0tLS0tLeqQ3/Kxe4b/1Q08ve5vn34oru89w33y0CvP+TS//6UZm+0tLS0tLS0tLS0tLS0tI+nzbsQ7/0R6dl/jXxN/nstXGXex2sUORfXObvn/j3nb1GS0tLS0tLS0tLS0tLS/to2nE5fjPeJF5m/mIf+nXcN79fa5PPKxSxqYCWlpaWlpaWlpaWlpaW9le0r8Nt16Ohaj9lnwZoTerTxuy8V3yUxefe9welpaWlpaWlpaWlpaWlpX1o7e2rLvewWrDrHyx2jYem9mu//hB3tuf7y8If5ERLS0tLS0tLS0tLS0tL+0vaVjK/pJd1u6xb3/g5ldjDldu3/mPiYWz5FXmKv1gE+Pa8cVpaWlpaWlpaWlpaWlrax9Pu54p3XE9onHMqsV/6kvn6ceklFdXz94ePGR3v9kVoaWlpaWlpaWlpaWlpaR9VG7rcp/WEY89v6wllUME/zesJ21SwX9nIvhtof7L6QUtLS0tLS0tLS0tLS0t7f1U6D3X6nKGPbucKc/hbnuIfUg97vsR7VdvN+duDPS0tLS0tLS0tLS0tLS3t82nDjWDx7LVByXzS5pL5Pl3iHSy3/AcJKxRtyeLa1+23952OTktLS0tLS0tLS0tLS0v7eNrFbWOLk+Le5gWG/Itr+sVHxf/cLwfk5YPa4/J569+eFEdLS0tLS0tLS0tLS0tL+1PtVz3pb4Mu9zYhf3kf+3X+3FAy3+R/0ub84TC2bXuw0vZOS0tLS0tLS0tLS0tLS/s82pJeFsa+DTaJT2Mf1xYkdjO/Dj6wpqPWtv2De0JLS0tLS0tLS0tLS0tLe7+2DXVJbx9VvC/z18U7uxdZnWDnvvFRvt3ZTUtLS0tLS0tLS0tLS0v70NoyWE/INfG87XoTetLD3u/duKh+7LV583jocr+UPwgtLS0tLS0tLS0tLS0t7X9eO1oOOM7akKkn/W3WXtoAx/7stdzlfugb6Y+ph2C01Z2WlpaWlpaWlpaWlpaW9u+1b/2DY5qhLy7Ubrg6aFLPXe6jCvnKhPyQqvJvtLS0tLS0tLS0tLS0tLRPqQ1N7ftU8f4q+ey1Los7xsY19MWItLS0tLS0tLS0tLS0tLS0aZP4LWhDfb7N/m/t7afBxvQ8YkkLEue+hyA3FXyElpaWlpaWlpaWlpaWlvb/pi1zTXx8lvn6jWCn9PZzunTsMhjxPG8N33539hotLS0tLS0tLS0tLS0t7WNrv+lyP9R4oXZNY5fPl8V96G/LrviVC9Be+jb5X9iHTktLS0tLS0tLS0tLS0vbcIvk08Fzhbwdrnb7qrM8a099DX3RSN6q7FdaWlpaWlpaWlpaWlpa2mfVioiIiIiIiIiIiIiIiIiIiIiIiIiIiIiIiIiIiIiI/FfyvwAAAP//WF2RexIHlKsAAAAASUVORK5CYII=","2026-04-07T19:49:44Z","2026-04-06T19:49:44Z",""
"Doacao PIX 153520828036","153520828036","pending","20","00020126480014br.gov.bcb.pix0126doe@institutocomuta.org.br520400005303986540520.005802BR5914HGFEHDBCA307296009Sao Paulo62250521mpqrinter15352082803663040CC7","data:image/png;base64,iVBORw0KGgoAAAANSUhEUgAABWQAAAVkAQMAAABpQ4TyAAAABlBMVEX///8AAABVwtN+AAAKF0lEQVR42uzdQXLiyBIG4CJYsOQIHMVHg6NxFB+BpRcO9OIxLimzVAJs90xEi+9fzaht6ZN3VZmVKiIiIiIiIiIiIiIiIiIiIiIiIiIiIiIiIiIiIiIiIvIf5jDMcyplGK6l7G7/dy7lOAylbIfh4/Yrb/+/er395/gTpWyG4bOU/XSh3H5lvOPtJ4ZhuNRnVsG+IzjT0tLS0tLS0tLS0tLS0r6e9txeOE3/t5+0s3t/3rTvN/7pS1smS3Ohvv/ldu34dYPxEfdItLS0tLS0tLS0tLS0tLQ/11bApWrrErwuyP/JR3thuGnLtP4eL4QbLCRrj9MjaGlpaWlpaWlpaWlpaWlpk3bXlrZH7WnC1Sr7NZTMa4V8G7YPbu/zUR8bqvK0tLS0tLS0tLS0tLS0tP+pNqy4z1/r6aHee0hV9sNS2/eshj602vKnVui0tLS0tLS0tLS0tLS0tCvRzrrcM274Wv0PdX+g7hYMU5f7+Oj3ziPCDsWlr/1VTz4tLS0tLS0tLS0tLS0t7Rq092avXaqlHju/pGPns3Po+3qhpAuh4h8ubPMf5PeT4mhpaWlpaWlpaWlpaWlpH6dtao/aMDptlwaKz1bos7b3korw21BU/1VoaWlpaWlpaWlpaWlpadegfUuL/aGdZZ5HrV2e2ZCoN5jV0Gfvs0t7GA+73GlpaWlpaWlpaWlpaWlp16qt59Cvi03qoSc9V/ybc+WhwB8yFvhnffNhQ+Lbp+ZpaWlpaWlpaWlpaWlpaZ9foZd2Pd3U0MN6+pw+ud3T1jV/XtFvcsm8v+bf9f9etLS0tLS0tLS0tLS0tLQr1/YW73n7IN97loVz6Nly7BThw+uGRvpvToqjpaWlpaWlpaWlpaWlpX2o3bTjxTdhhT5MC/L99PPLCV8EC6PWen+QOG88V+VpaWlpaWlpaWlpaWlpaV9VO+4P5O2DXsn8lvhFsPA+oW9+/ImwQ7EwjC1ceG4/gZaWlpaWlpaWlpaWlpZ2Vdqc5f2EPMv8OE1WW+CH/YQ8jC2fQ+9tMNDS0tLS0tLS0tLS0tLS/hFtb/Zar8u9fZ9rWHGf0z/Xg9lxzX+cJpiH8eJNlzstLS0tLS0tLS0tLS0t7QtrS3vvUM/OFe9tPUYeTpmPs8wXZ68NaTp6vtB8BfwbH/GmpaWlpaWlpaWlpaWlpV2h9i0t9kOXe5yO/uSkuPz+Y9t7fv/6iM/0RbSS++xpaWlpaWlpaWlpaWlpaX+vDSv0S3vv2SzzUEPfprPf/1y4tG3vl7aHPfPH2Ws/2U+gpaWlpaWlpaWlpaWlpV2V9m3qWi/Tvcdx6Xl0eZ6O/lEf3W9SX5i9FjYMdvfHu9HS0tLS0tLS0tLS0tLS/lzb+yLYKeHyMPDxffJ48WNbVF9coe87nejfnL1GS0tLS0tLS0tLS0tLS7s+be5yv3SK6qGGHkatbeqF96+HjTX0Os0tvs+p/Qud5nccNxie7smnpaWlpaWlpaWlpaWlpV2VtrTbB6d0Dn1xMFr+Zvc197DPvtndaSpo7pinudHS0tLS0tLS0tLS0tLS/lJ7aD+oHWavDakFPRfVeye7xwp57nIf2uFteQD5ZarKP5y9RktLS0tLS0tLS0tLS0u7Vm1pv981tPz8sMtUYv/M3wzLDws/X0vmzWfBZ6kbDA+73GlpaWlpaWlpaWlpaWlp16c9pF+4tNX38P2y+LWxvJ8QJsXtUwvANmjzAPbT13bDrKlgaNveaWlpaWlpaWlpaWlpaWl/qK0nu5fX07mGnn9+9s3ue7Pa4mfBc1U+TEd/7hw6LS0tLS0tLS0tLS0tLe06tZ1Ra00NPf/8aen7Zfs0HT0X4Wfj3Zr9hDxvnZaWlpaWlpaWlpaWlpb2l9owHXzWN75LTd0l1NCDtrdkL9O88fy6u85B7qFd1NPS0tLS0tLS0tLS0tLSvqY2HOQOHeelv58QLszGpcfhbaUtqucyfTjIvW8/+j3Q0tLS0tLS0tLS0tLS0r6eNhT4d+FQ+cOD6Ztanw/7CZ+p4r/JGwyd9yn5mc9NiqOlpaWlpaWlpaWlpaWlfVIb/ikXuK/trXKitnx9EWxbb/CWTnbXBfmms6LvlekHWlpaWlpaWlpaWlpaWtrX04Zz6B/t6LTM/0wXxuno73e63IfODkX+ibGGHvjPzV6jpaWlpaWlpaWlpaWlpV2bdrFJvXdIvNw5h/7Z75s/LLXJjxfObVMBLS0tLS0tLS0tLS0tLe0f0b51j133bjW0S/bZDcaD2fmseC+z133uD0pLS0tLS0tLS0tLS0tLu2rt9V6Xe9gtqNsBm/y1sWPaPqhN7eP7HNMfpKYZ3tY/t05LS0tLS0tLS0tLS0tL+3NtLZl/pIc1p6xz33hJNfSwZN+3L5ir8r1PdM82AR7OG6elpaWlpaWlpaWlpaWlXZ/2MFW8435C5VxShTxMR4/bAbnLPcxe2/Ynq4WXuTfejZaWlpaWlpaWlpaWlpb2hbThYeN+wqnl1/2E0tkOqBfiMLaw4zA7yL7vaL+z+0FLS0tLS0tLS0tLS0tL+62qdLjV+9cKvfd1rjxvvKQu99jDnj/ivaht1vz1woGWlpaWlpaWlpaWlpaW9lW1Q3uMvFMyj/sPs3Po9dh5sMzuOO5Q1C2Lz7Zuv300HZ2WlpaWlpaWlpaWlpaWdq3a0hbb39tJcee0wRBmycX6fK34Xzo7FDkZN6SmgicnxdHS0tLS0tLS0tLS0tLSPqMNs8wXetJ7XwSrC/Ld7d5v04I8lMw3uQ++rvnDMLZtvTCkJfv9LndaWlpaWlpaWlpaWlpa2lVqS3pYuPe1c0g83rtTIR/b5GfD2OoLDqGGnkezfW/2Gi0tLS0tLS0tLS0tLS3t82m+CNavePfGix+GeR58fuwwHeSe5f7JblpaWlpaWlpaWlpaWlratWtLZz8h18TzsetN6EkPZ7/3/aJ6/efxZHc+PB765j/KD0JLS0tLS0tLS0tLS0tL+9dre9sBve+XhZ7086T9qDc4tbPXcpf7sW2kP6UegnDUvdDS0tLS0tLS0tLS0tLS/jntuVvgvi5+ULvihk6Teu5y71XIFxbkx1SVP9PS0tLS0tLS0tLS0tLSvqQ2NLXXQ+Kb4VHy7LUm+dj5kMarH+7ckZaWlpaWlpaWlpaWlpaWNn1Qexwd95bq83X1f61Pf+8cTD/Pp6nPL3Qyjo6jpaWlpaWlpaWlpaWlpf3XtGWqiZ/bW4Wm9t4Xwd7T0y/po2N5vPr4ze636cLHz/YTaGlpaWlpaWlpaWlpaWlXoe13uZe2BX2XmtrjuPR8Dv18Z/b5TJvb5H9+Dp2WlpaWlpaWlpaWlpaWdqadJU8HzxXyOlxtrKHntu9953bvbQ29Ltm3bZX9k5aWlpaWlpaWlpaWlpb2VbUiIiIiIiIiIiIiIiIiIiIiIiIiIiIiIiIiIiIiIiJ/S/4XAAD///Uv+/E/oEYvAAAAAElFTkSuQmCC","2026-04-07T18:50:04Z","2026-04-06T18:50:04Z",""
"Doacao PIX 152935784541","152935784541","pending","20","00020126480014br.gov.bcb.pix0126doe@institutocomuta.org.br520400005303986540520.005802BR5914HGFEHDBCA307296009Sao Paulo62250521mpqrinter15293578454163048D86","data:image/png;base64,iVBORw0KGgoAAAANSUhEUgAABWQAAAVkAQMAAABpQ4TyAAAABlBMVEX///8AAABVwtN+AAAKHklEQVR42uzdQXLqOBAGYFEssuQIOUqOBkfjKBzBSxapaGp4kd0ti8BLUlM18P2750fsD3ZWt1pFRERERERERERERERERERERERERERERERERERERERE/sO81nUOpdT6UcrL5V/HUva1lrKt9Xz5k7fLJy6ZP1HKptb3UnbLhXL5k/mOl0/UWqf2zCbYDQRHWlpaWlpaWlpaWlpaWtrn0x77C4flX7tFG+8dtKdP/h9tWSzdhfb9p8u1/b8X3sMjviLR0tLS0tLS0tLS0tLS0n5f296Mp6a93Lu0F/KWc3+hXrRlef+eL4QbXEnW7pdH0NLS0tLS0tLS0tLS0tLSJu1LX9oONfRNrnjv//38NlxrNfR5+eDyfc7tsaEqT0tLS0tLS0tLS0tLS0v7n2rDG/fx8326tnvXVGV/vdb2vaqh115bfusNnZaWlpaWlpaWlpaWlpb2QbSrLveMq59v/7WtD5R1l/v86NPgEWGFYhprf9STT0tLS0tLS0tLS0tLS0v7CNqvZq9NzXJZHAgXNu1C3oe+axdKuhAq/uHCNv8gP58UR0tLS0tLS0tLS0tLS0t7O31Te9Tm0Wmvqaie39BXbe95eNs2FNV/FFpaWlpaWlpaWlpaWlraR9C+pZf92s8yz6PWpnsWJNoNVjX01fd5SWsYN7vcaWlpaWlpaWlpaWlpaWkfVZv/a9SknnvSy6DiX5Zt5KsvMxf4V33z7Qb12/vQaWlpaWlpaWlpaWlpaWnveUMv/ft0V0MPTz+mGnoZaNs7f+Zvcsl8/M7/Mv69aGlpaWlpaWlpaWlpaWkfXBumo5/To+OktHzCdk7ehz5//2zZD4rw/c72Evrmj7S0tLS0tLS0tLS0tLS0v6TNfeOH9D79tlS8w3TwzaBT/L2/Y569NqrK5x+k3trqTUtLS0tLS0tLS0tLS0v7BNp5fSAUuOu4ZH7JNqwnrLSXBYn5EwGXE3+QnkRLS0tLS0tLS0tLS0tL+0TanF0/By3capt6Aj4Gfx35YT0hD2Pb9ePS8wIDLS0tLS0tLS0tLS0tLe1vacP7dBmcsH3l+7TPz6PTwn+3jdnxnT/0zYfx4rEr/rBeNKClpaWlpaWlpaWlpaWlfSJt6e/dXvY3g/WE2h8RNs8yb1X2XVpPyNraX+hOAf+LQ7xpaWlpaWlpaWlpaWlpaR9Q+5Ze9ldd7qEFYJTRpLj2/ee295q63NsjVpPiYp89LS0tLS0tLS0tLS0tLe3PteENfRrcO1e8Qw19m/Z+/7kw9W3vU9/DnvnxjLG/Xk+gpaWlpaWlpaWlpaWlpX0o7dvStV6We49O2D7309HP7dHjJvVtqsp36wm5TX483o2WlpaWlpaWlpaWlpaW9vvaKyeCBdyVSWl5vPi+L6pffUMPd5w70f9y9hotLS0tLS0tLS0tLS0t7eNpc5f7NCiqt/WE9zRqbdMunD4fNtfQ2zS3+H0O/S90WN9xXmC4uyeflpaWlpaWlpaWlpaWlvahtKVfPsjnl5WlfL+6EM7s/giWVR98HTYVbMdNBTeno9PS0tLS0tLS0tLS0tLS3qN9TbfaDWav5W3XX+3snivkqy73PLwtDyCflqr8zdlrtLS0tLS0tLS0tLS0tLSPqi39+V215+eHTUuJ/T1MZ6v9w8LnW8m8OxZ8lfaD3Oxyp6WlpaWlpaWlpaWlpaV9PO1r+oOpr76HM7tLOG1sVc9vbey71AKwDdo8gP3Q9xDsl43plZaWlpaWlpaWlpaWlpb2N7Qz5+r7dJisdu4/vzqz+6tZbfFY8HDHXZqOft8+dFpaWlpaWlpaWlpaWlrax9QORq11NfT8+cO188t2aTp6LsLH8W6rfeireeu0tLS0tLS0tLS0tLS0tD/Uhungq77xl9TUHWvoQTt6ZS/LvPH8dV8GG7lr/1JPS0tLS0tLS0tLS0tLS/uc2rCRO3Scl/F6QriwvbqeEPZ+73rT1P4kTHM79nxaWlpaWlpaWlpaWlpa2mfThgL/S9hUfnVjetNucn1+vywfnPppbrlrfZcuvKSN7Nt7T1ujpaWlpaWlpaWlpaWlpb1rgvdxWOD+6G+VM2vbS/08aq2kLveyvJBv+kO/y7hMX2lpaWlpaWlpaWlpaWlpn08b9qGf+9Fpmf/e32obZq+Nu9zrYIUif2KuoQf+fbPXaGlpaWlpaWlpaWlpaWkfTTsux2/Gm8TbpLh4/FjTvo/75l+vtcnPF46JX2hpaWlpaWlpaWlpaWlpf0n7Ntx2PbpVbHvv+Zu8MTvvFR9lNbztvh+UlpaWlpaWlpaWlpaWlvahtR9fdbmH1YIb+9BzU/vcB79PP0hZivDnnl/vOmGclpaWlpaWlpaWlpaWlvYubSuZn9PDul3WrW98SiX2cOR2POM7fMFclR8d0b1aBLg5b5yWlpaWlpaWlpaWlpaW9vG0r0vFO64nNM6USuznpWS+6nL/yCsUbcFgNFktfJmvxrvR0tLS0tLS0tLS0tLS0j6RNnS5z+sJh57f1hPKoIJ/WtYTtqlgf2Uj+26g/ZvVD1paWlpaWlpaWlpaWlra+6vS+Vanzzf00elc4R3+I5+wvU897G+phn5V273ztwuvtLS0tLS0tLS0tLS0tLRPqT0ub//TMtx8VTKP6w+Hpcs93OA9WT7yDxJWKNqSxdw332avbW9NR6elpaWlpaWlpaWlpaWlfWxtXbaRn/pJcce0wDD1Ff/2iT8LDFO/HJCXD2pqpN8OGum/nhRHS0tLS0tLS0tLS0tLS/tX2rps5B71pI8P1N60F+xT2tkdSuab3BjfbhCGsW3bhStt77S0tLS0tLS0tLS0tLS0z6MdjU4ryz702mt3/aS011Qy3y38mrX5B2nD2+r3Zq/R0tLS0tLS0tLS0tLS0t6f7kSwccU7jBfvjuiufVF9nNw3PsrXO7tpaWlpaWlpaWlpaWlpaR9dWwbrCbkmvu1r6HNPetj7vRsX1Q+9Nm8eD33z5/KN0NLS0tLS0tLS0tLS0tL+77Wj5YDR+WWhJz3Maju3Gxz62Wu5y33fN9IfUg9B2OpeaGlpaWlpaWlpaWlpaWl/T3vsLxzSG/rqQO26zBtfNannLvdRhfzKC/k+VeWPtLS0tLS0tLS0tLS0tLRPqQ1N7a+fj97kLvdB8uy1LqszxsY19NUdaWlpaWlpaWlpaWlpaWlpB5vEp9bD3r/9f7SnnwYb0/MdS1qQCBfee8z21kZ2WlpaWlpaWlpaWlpaWtofa0PehrPMr58IdkpPn9KhY+fxVu/wiPP31hNoaWlpaWlpaWlpaWlpaR9Ce7XLPbegv6Sm9jguPe9DP6674tcHoI3b5H+0D52WlpaWlpaWlpaWlpaWNuNWWb0+hwp5G64219BHOQ7O+1o1kt9TVKelpaWlpaWlpaWlpaWlfRatiIiIiIiIiIiIiIiIiIiIiIiIiIiIiIiIiIiIiIjI/yX/BAAA//8hrHR2yRhTvAAAAABJRU5ErkJggg==","2026-04-08T18:14:18Z","2026-04-07T18:14:18Z",""
"Doacao PIX 153676283622","153676283622","pending","20","00020126480014br.gov.bcb.pix0126doe@institutocomuta.org.br520400005303986540520.005802BR5914HGFEHDBCA307296009Sao Paulo62250521mpqrinter1536762836226304FC42","data:image/png;base64,iVBORw0KGgoAAAANSUhEUgAABWQAAAVkAQMAAABpQ4TyAAAABlBMVEX///8AAABVwtN+AAAKN0lEQVR42uzdQXLiPtMHYFFesOQIHCVHg6NxlBzByyxS6KvKILtbFgnJzPdW/cnz242HyA/sJLVaRURERERERERERERERERERERERERERERERERERERERP6HOdZtzqXUei1l//GvSymnWkuZan37+JOX28fewydK2X08OKwPysefLCN+fKLWOrd3NsFhILjQ0tLS0tLS0tLS0tLS0v4+7aV/cF7/dVi1cezzDbev9fWD3x6U1dI9aN9//nh2un3d5RWfkWhpaWlpaWlpaWlpaWlpf65tM+O5aT/GLmlCXtMM/drm36+3j+3ah/48CAPcSdae1lfQ0tLS0tLS0tLS0tLS0tIm7b7f2l605xXXdtmvYcu87ZBPYfng4/u8tdeGXXlaWlpaWlpaWlpaWlpa2v+pNsy4L7f5dG1j17TLfrxX9r3ZQ6+9tvyrGTotLS0tLS0tLS0tLS0t7ZNoN1XuGVdvs//a1gdaQpX78urXwSvCCsU81v5VTT4tLS0tLS0tLS0tLS0t7TNoP+u9NjdLO3Y+p2Pnm3Poh/agpAdhxz88mPIP8ved4mhpaWlpaWlpaWlpaWlpv05f1B61uXXaMW2q5xn6puy9pE34KWyq/1VoaWlpaWlpaWlpaWlpaZ9B+5Im+7XvZf4yKFIv68tGCxJtgM0e+ub77NMaxpdV7rS0tLS0tLS0tLS0tLS0z6pt59Cvd4vUc016Gez4l/UY+dz/6bLBv6mbz5d+f+/UPC0tLS0tLS0tLS0tLS3t4zP00s+nuz308PZL2kMv/aZ6mPNn/i5P8evwC+7HvxctLS0tLS0tLS0tLS0t7ZNrQ3f0t/Tq2CmtrFXum+Rz6Is2f+K0/mszYj7qXh7t5U5LS0tLS0tLS0tLS0tLWx7rN77r7/vahRl6Xeffh/Xzo8xpxNx7bbOp/p4pg9J0WlpaWlpaWlpaWlpaWtpfqI2z/3xn92js1lnttf8+oW5+SiOWfkGiW6HoSbS0tLS0tLS0tLS0tLS0v0ibc7/3Wu5lflo7q93hh/WEPGJOrDKgpaWlpaWlpaWlpaWlpf2n2lHvtXDD9t3vcw0z7kv673Ywe9dXuV/79uKxKv68XTSgpaWlpaWlpaWlpaWlpf1F2tKP3fazd/1kf2pl7PmKsGPaZT+k9YTROfSaqtzjLeDfuMSblpaWlpaWlpaWlpaWlvYJtS9psv9nOSAsMIQLteuDneLa91/K3muqcm+v2HSKq+G/aWlpaWlpaWlpaWlpaWn/Xhtm6HM/9qZ1edhDn9LZ7z8P5r7sfe5r2DM/3jH27fUEWlpaWlpaWlpaWlpaWtqn0r6sVethy3xpl365zf5rerALe+j1XpH61K9Q7PsFg/3n7d1oaWlpaWlpaWlpaWlpaX+uvXMjWMDlZuDL98ntxU/9pnqeoYeEEZdK9G/2XqOlpaWlpaWlpaWlpaWlfT5trnKfB5vq5bYc8J5are3ag9fby5Y99NbNrQ6q3BfOeTvissDwcE0+LS0tLS0tLS0tLS0tLe1TaUu/fBDWE8LyQe1L0POd3ddcwz64s3vUze1tgPiyOzotLS0tLS0tLS0tLS0t7SPaY7rh67DWpNdwbrtsN9VHJ7uXHfJc5b5p3pYbkM/pB/m89xotLS0tLS0tLS0tLS0t7bNqS39/V+35+WXzusX+Hu7grv3Lwufblnl3LfgmbYHhyyp3WlpaWlpaWlpaWlpaWtrn0x7TH8z97ntZr+iOt43l9YTQKe6QSgCmoM0N2M+35YZcAlAGZe+0tLS0tLS0tLS0tLS0tD/UBs6d+fSlr3J/6Sfk4c7uz3q1xe7oYcRD6o7+2Dl0WlpaWlpaWlpaWlpaWtrn1A5arXV76Pnz53v3lx1Sd/S8Cb9p7zb1R91jv3VaWlpaWlpaWlpaWlpa2r/Uhu7gm7rxfSrqLmEPPWhHU/ay9hvPX3c/OMhd+0k9LS0tLS0tLS0tLS0tLe3v1IaD3LnifLSeEB5MQZvXE0pZzn4fetO8XhE29XvoS2hpaWlpaWlpaWlpaWlpf5s2bPDvw6HyuwfTD+nO7mX2f1qXD177bm65av2QHuzTQfbp0dvWaGlpaWlpaWlpaWlpaWkf6uB9GW5wX/uhlpeNtUurtZKq3Ms6Id/1l36X8TZ9paWlpaWlpaWlpaWlpaX9fdpwDv2tb52W+e9fFKkPqtzrYIUifyKsUCz8x3qv0dLS0tLS0tLS0tLS0tI+m3a8Hb8bHxK/U+Xejp2P6uaP98rk8wpFvDONlpaWlpaWlpaWlpaWlvafaF+Gx65HQ9V+yh4GiJd4X9b26vezad722A9KS0tLS0tLS0tLS0tLS/vU2utnVe5htaAtB9w5h56L2pfvc0o/SMuUlw/G59ZpaWlpaWlpaWlpaWlpaX+ubVvmb+ll3SnrXDde0o1gJfVey18w78qPrujeLAJ82W+clpaWlpaWlpaWlpaWlvb5tMd1xzuuJzTOnLbY8wVgucr9mlco2oLBqLNa+DKj9m6fhJaWlpaWlpaWlpaWlpb2WbWhyn1ZTzj3/LaeUAbLAe3BUuX+0EH2rP3O6gctLS0tLS0tLS0tLS0t7eO70nmo19sMfXQ7V5jDX/MnTqmG/SXtod/VdnP+9uBIS0tLS0tLS0tLS0tLS/tbtePkLfO4/tDOoYfvs+ur3K/9K5YVirZksdTNt95r01fd0WlpaWlpaWlpaWlpaWlpn1Wbs6wnhE5xl9sCwzQ4Rh4+8WfHf+6XAw79TxAK6adQSH/+Vqc4WlpaWlpaWlpaWlpaWtqvtaGX+Z2a9Mugyr2sM/TXdLI7bJnv8p+0OX9oxja1BzVN2R+ocqelpaWlpaWlpaWlpaWlfTbtqHVaWc+h50PicezBDvmyIBGq3PMXrKnV2tQ/eCS0tLS0tLS0tLS0tLS0tI9r21Bvg0LyvOMd2ot3V3TnfHH92DFtmW9q1Y/fvr+MlpaWlpaWlpaWlpaWlvZptGWwnpD3xPOx612oSQ9nvw/jTfX238vJ7nx4vKzN297KD0JLS0tLS0tLS0tLS0tL+5/XjpYDzqs2ZKlJv6zatzbAue+9lqvcT30h/TnVEFzWjuyFlpaWlpaWlpaWlpaWlvbfaS+fb3BvLtRuuDooUs9V7qMd8jsT8lPalb/Q0tLS0tLS0tLS0tLS0v5KbShqP95evRuMnZN7r3VpywdzuhZ8s4e+GZGWlpaWlpaWlpaWlpaWljZdqN0Vqfez/2t7++vgYHoesaQFifzgrS8qiGsYtLS0tLS0tLS0tLS0tLT/D9pBpn4P/c6NYK/pT+Z06djoArB5PRo+fdV7jZaWlpaWlpaWlpaWlpb2ubWDKveu91q4ULumscvtZbvP2qXnW8B/fn8ZLS0tLS0tLS0tLS0tLe23tJvk7uB5h7zxlz30TUaF5K0SvQ7qxsOm+jstLS0tLS0tLS0tLS0t7W/VioiIiIiIiIiIiIiIiIiIiIiIiIiIiIiIiIiIiIiI/FfyfwEAAP//R/vVGaeuyTwAAAAASUVORK5CYII=","2026-04-08T18:08:11Z","2026-04-07T18:08:11Z",""
"Doacao PIX 152787877323","152787877323","pending","20","00020126480014br.gov.bcb.pix0126doe@institutocomuta.org.br520400005303986540520.005802BR5914HGFEHDBCA307296009Sao Paulo62250521mpqrinter1527878773236304D9E4","data:image/png;base64,iVBORw0KGgoAAAANSUhEUgAABWQAAAVkAQMAAABpQ4TyAAAABlBMVEX///8AAABVwtN+AAAKJUlEQVR42uzdS5LyuBIGUBEMGLIElsLSiqWxFJbAkAGBb3QVwpmyDNTjdkTD+Wbt5pePayYplSoiIiIiIiIiIiIiIiIiIiIiIiIiIiIiIiIiIiIiIiLyL2YzTLMrZRgupaw+/2tfyscwlLIchlMp6+tvLp//+vaLUhbDcK7/e38dfBlG/PzFMAzH+s4qWHcEe1paWlpaWlpaWlpaWlra99Pu2we78b/Wo3Yy9vlTeyhl+88/+dKW0dI8qN9//Hz2cR3g9op7JFpaWlpaWlpaWlpaWlran2sr4Fi1dQpePi01p/pgN86/D9efLeqPvh6EAWaStR/jK2hpaWlpaWlpaWlpaWlpaZN21W5tB+0i73h//PP7ZXhW99Bvywef33Oqr8278rS0tLS0tLS0tLS0tLS0/542zLj31/n0EOrGd/cLz0Mhef5F1pa/mqHT0tLS0tLS0tLS0tLS0r6IdlLlnnHDdfY/1PWBulqQN9W/Xn3ovCKsUBz72l/V5NPS0tLS0tLS0tLS0tLSvoL2Xu+1Y7XUY+fHdOx8cg59XR+U9CDs+IcHuZvbH3SKo6WlpaWlpaWlpaWlpaV9nMlB7qDNrdM2aVM9z9AnZe8lbcIvw6b6r0JLS0tLS0tLS0tLS0tL+wrabZrsD20v8+3YDD1nWWvS+7l09tAn37NKaxgPq9xpaWlpaWlpaWlpaWlpaV9VW8+hX2aL1ENNet7xb86V5+7oJS0whFPmkwvQhh+cmqelpaWlpaWlpaWlpaWl/e4MfXKyO18AlnuZn/P3BG0dMZ8EX+Qt89DvraQp++HZPXRaWlpaWlpaWlpaWlpa2tfRhu7op/7yQR37HIrUhxa3G5uh52u+h7SeMLQj5j30cyDR0tLS0tLS0tLS0tLS0v6JNteN79J8OteNr8ffzyfcCBZarfU21XuXjpVHM3RaWlpaWlpaWlpaWlpa2pfW9mb/Q3/LvJRbZ7VD+z2hbn4ZRqwrFJNmbLc/SEuipaWlpaWlpaWlpaWlpX0jbc563H2/tEMtU03ApfOvl22V+7nTzS1ol50qA1paWlpaWlpaWlpaWlrav9L2eq/1qtzz99Tfr8IWeBigdOf8l3578XB4nJaWlpaWlpaWlpaWlpb2bbWlHbtO9icPlvUYeThlfutlXnfZ123vtd6u/GH8fbwF/BuXeNPS0tLS0tLS0tLS0tLSvqB2myb7X8sBYYEhzP576XWKq99/K3sfUpV7fcU53YhWwoi0tLS0tLS0tLS0tLS0tH+iDTP0Yzv2bHf027ntevb768GxLXs/tjXsmV/CHWPfXk+gpaWlpaWlpaWlpaWlpX0p7XasWi/j2ItwRXdoXZ67o5/qq/tF6su08tAsWeQy+X57N1paWlpaWlpaWlpaWlran2tnbgQLuEl38JLGDnXjQ+q9VjpT9pJGvFWif7P3Gi0tLS0tLS0tLS0tLS3t62lzlfuxs6ke9tBDq7VFfXC4vuy2h167uc2vD2yuf5Bzp3nb6hs1+bS0tLS0tLS0tLS0tLS0L6Ut7fJBbl1extWCXIKe7+y+BEuugz+kV4SigqaoPXdzo6WlpaWlpaWlpaWlpaX9pXaTbvhap7GHNH1epk313snu2w75pMo9N2/LDciP6Q9yv/caLS0tLS0tLS0tLS0tLe2rakt7f9fQ8ns16WEPvdcuPXzucdwyb64Fn6T+QR5WudPS0tLS0tLS0tLS0tLSvp52k/7Bsd19L+PlYvG2sbyeEDrFrVMJwDJocwP23bhCEUoASqfsnZaWlpaWlpaWlpaWlpb2h9p6snt+Pr1vq9y37YQ83Nl9r1db7I4eRlyn7ujPnUOnpaWlpaWlpaWlpaWlpX1NbafVWtxD37W/383dX7ZO3dFLOtke27tNzqFP+q3T0tLS0tLS0tLS0tLS0v5SG7qDT+rGV6mou4Q99KDtTdnL2G88f+6qc5B7aCf1tLS0tLS0tLS0tLS0tLTvqQ0HuXPFeW89ITzoncNej1vgzaZ63qYPB7nX7aXfAy0tLS0tLS0tLS0tLS3t+2nDBv8qHCq/dzA9WEq7YR92/Bd5gaHzPSW/87lOcbS0tLS0tLS0tLS0tLS0T2rD/8ob3Jd2qEmV+7md4i/rANt0srtOyBftpd+lv00/0NLS0tLS0tLS0tLS0tK+nzacQz+1rdMyf/4CsNkq96GzQpF/cdtDD/zneq/R0tLS0tLS0tLS0tLS0r6atswVqfcOid9rl37u181v5srk44idogJaWlpaWlpaWlpaWlpa2t9qt91j172hQtl7rHIPzdhuB7PzWfFeJp/73B+UlpaWlpaWlpaWlpaWlvaltZd7Ve5htWCyHLC5LjDE5YNa1H77no/0B6lZ5uWD/rl1WlpaWlpaWlpaWlpaWtqfa+uM+5Re1pyyrnXjx7TFfupswucPzLvyvSu6J4sAD/uN09LS0tLS0tLS0tLS0tK+nnYz7njH9YTKOaYt9tO4ZR6XA7ad7mx1waDXWS18zEx7t0JLS0tLS0tLS0tLS0tL+2basNl+W0/Ytfy6nlDaHfywPnCpuMcH2Sfab65+0NLS0tLS0tLS0tLS0tI+vysdhjpcZ+i927nCHP6Sb9j+SDXs27SHPqtt5vz1wYaWlpaWlpaWlpaWlpaW9v20Ycd7FXqvdbbM4+/rnd3hexYZN7QH08MKRV2yOLf79svnuqPT0tLS0tLS0tLS0tLS0r6kdnJ1WO4Ut+8M9ZEWBfbjAsOxs0KRk3FD6k73ZKc4WlpaWlpaWlpaWlpaWtpntKGX+UxN+r0bwVafY2/HCXnYMl/kwvj6BwnN2Jb1wUzZOy0tLS0tLS0tLS0tLS3t+2hLelkY+zJ7SHxyf9mQtIdU5R6yaAdY9kd8uONPS0tLS0tLS0tLS0tLS/udNDeC9Xe8T+PX3SybYZoH149txoPckzw82U1LS0tLS0tLS0tLS0tL+9La0llPyHvi+dj1ItSkh7Pf6/6mev3fM4fHe/3WaWlpaWlpaWlpaWlpaWnfSttbDthNi9pjTfp+1J7qALu291qucv9oC+l3qex9P3ZkL7S0tLS0tLS0tLS0tLS0f6fd39/g7le5L/pl77nKvbdDPjMh/0i78ntaWlpaWlpaWlpaWlpa2rfUhuWDTbvjPfvq3HutSV0+OI7t3Xp76JMRaWlpaWlpaWlpaWlpaWlp04XaTcV5O/u/1LcfOgfT952SgdkagpIexDUMWlpaWlpaWlpaWlpaWtr/g7aMe+L7dqhQ1N67EeyQ3n5Ml46d0lHv253d2/HB6cfrCbS0tLS0tLS0tLS0tLS0/31tp8q96b0WLtQe0tjl+rJFLozvn2w/dZqx5TL5H55Dp6WlpaWlpaWlpaWlpaXtaSfp142fE/+SXxYye7L7kuvGwyvqLvuZlpaWlpaWlpaWlpaWlvZdtSIiIiIiIiIiIiIiIiIiIiIiIiIiIiIiIiIiIiIiIv+V/C8AAP//9JihxSSCFgkAAAAASUVORK5CYII=","2026-04-07T19:49:38Z","2026-04-06T19:49:39Z",""
"Doacao PIX 152789484829","152789484829","pending","20","00020126480014br.gov.bcb.pix0126doe@institutocomuta.org.br520400005303986540520.005802BR5914HGFEHDBCA307296009Sao Paulo62250521mpqrinter15278948482963043040","data:image/png;base64,iVBORw0KGgoAAAANSUhEUgAABWQAAAVkAQMAAABpQ4TyAAAABlBMVEX///8AAABVwtN+AAAKFklEQVR42uzdQXIiuRIGYBEsvOQIHIWjwdE4io/AkgWBXoxtVWWqhMHdfhMx8P27rgbxlXdSSqkiIiIiIiIiIiIiIiIiIiIiIiIiIiIiIiIiIiIiIiIi/2K2dZlDKbVeS3n7+NexlH2tpaxrPbdv7f/57xI+Ucqq1kspm/lB+fjKNOLHJ2qtp/abbazNQHCkpaWlpaWlpaWlpaWlpX097bF/cJj/tZm1cez2ibda30vZ/fPgU1tmS/egvf/p63Vr++/NQEBLS0tLS0tLS0tLS0tL+1vaNjM+NW39moKXD0vLuX9QP7Rlnn+HXO/Uw7N2P/8ELS0tLS0tLS0tLS0tLS1t0r71gEl7SLjjV1F9nfifNfRp+eDjfUIRfqrK09LS0tLS0tLS0tLS0tL+q9ow4z5+zadrG7umKvti4/lnUX1QQ6+9tvzWDJ2WlpaWlpaWlpaWlpaW9km0i13uGVe/Zv+1rQ/k7Gb+ZnAwO69QnMbav9qTT0tLS0tLS0tLS0tLS0v7DNrveq+dmuVjcSA8WLUH+Rz6pl9P+HwQKv7hwTr/Qf6+UxwtLS0tLS0tLS0tLS0t7f30m9qjtswV75oaipdmCbvc6zzFj3P4w9d/n8tvhJaWlpaWlpaWlpaWlpb2GbS7NNmvfS/z1motaheWQa6DGvrifd7SGsbdXe60tLS0tLS0tLS0tLS0tM+qbefQR0NNaXvSb1T8831kOVOBf7Fvvg1Q/+DUPC0tLS0tLS0tLS0tLS3tozP0UDLPJ7vzue089iW/Tzj43eb8+ST4KpfMa/pKmLK/36uh09LS0tLS0tLS0tLS0tI+nzavJ5T+m6d57MvgQrPan0PP73/p1xOmryxGPMyXeD+8+kFLS0tLS0tLS0tLS0tL+0i/8VW+7yvP0Os8Id/Mnx/llEa89EX4knqvdQm/WWhpaWlpaWlpaWlpaWlpX1ebJ/uxU/l4D/s6rCeE9xmtUGTctn/BXerO9th6Ai0tLS0tLS0tLS0tLS3tU2lzwhXdq7yekHuZ74c7BCI/3F+Wu7nV/hz64hJvWlpaWlpaWlpaWlpaWtpf0Y56r+2HB7Pz+3x+fjrqnSvkpZ/z73vtzcPjtLS0tLS0tLS0tLS0tLSvqS392GE9IRe41/lB7mW+T8fOQ++1Oj6Hvh+uJzx8iTctLS0tLS0tLS0tLS0t7RNqd2my33a5TwsMx37b+/1Oce39L2FTe1h/yJ3i2o1oJe+zp6WlpaWlpaWlpaWlpaX9e22YoZ/6scNQl76Gvk5nvz8fnPpt74s97Jk//UH+ZD2BlpaWlpaWlpaWlpaWlvaptLt513qZxx7dsH3uu6Of208f+hGbto63vbe8fd/ejZaWlpaWlpaWlpaWlpb2z7V3bgQLzdhKfp/cXjxvDD+mGfpiQl77neg/7L1GS0tLS0tLS0tLS0tLS/t82rzL/TQoqrf1hEtqtbZqD96/fizW0PMVYW2Aa+AcliN2Cwy0tLS0tLS0tLS0tLS0tK+mLf3yQW5dnj8Rku/svg7ef933XjunTQXr8U9saWlpaWlpaWlpaWlpaWl/Q7tNN3xt5sZoo4L4+fuT3VOF/Jjep6bOaosG5Ke5Kn+39xotLS0tLS0tLS0tLS0t7bNqS39/V+35+cdOc4n9Eu7grv2Phc+3knl3Lfgi7Q9yd5c7LS0tLS0tLS0tLS0tLe3zabfpC6dBgX83HyN/m+/sjusJoVPcJm0BWAdtbsB+mFcowhaAu7vcaWlpaWlpaWlpaWlpaWkf14Zz2Dfm08d+k/qun5CHO7u/69UWrwUPI25Sd/S3h24Yp6WlpaWlpaWlpaWlpaV9Tu2g1VpXQ8+fP9y6v2zTH0wPRfjY3m1xDn3Rb52WlpaWlpaWlpaWlpaW9i+1n/812MV9zbvCcw19oa23Dmbn130bHOSu/aSelpaWlpaWlpaWlpaWlvY1teEgd95xPlpPCA/WN9cTFgsStS/Th4Pcm28u/aalpaWlpaWlpaWlpaWlfRVtKPC/hUPldw6mt03tpS/YL86hjxYYwoO3dJB9/ehta7S0tLS0tLS0tLS0tLS0D3XwPg4L3Nd+qJxV2JNeU6u1tm++WwT4+Mq5H2ZUpq+0tLS0tLS0tLS0tLS0tK+nDefQz33rtMy/hAellLBasBvscs+F88Wd3WGFYpNwD/deo6WlpaWlpaWlpaWlpaV9Nu24HL8aHxL/rl36Zbxvfntrm3wcMW8qoKWlpaWlpaWlpaWlpaX9Fe1ueOx6NFRNM/TRANPB7HxWfJTF6z72B6WlpaWlpaWlpaWlpaWlfWrt9btd7mG1YNM/WJwaD5vap5Pq+/QHCUX4c8+vD90wTktLS0tLS0tLS0tLS0v7kLaVzM/px7pT1v2+8VWueIfea/kFc1V+dEX3YhHgbr9xWlpaWlpaWlpaWlpaWtrn027nindcT2icU6qQh+7ocTlg13dna73X1uPOauFlvmvvRktLS0tLS0tLS0tLS0v7Wtps2X51SrvmVmuD68ryesLiurLbB9kX2p+sJ9DS0tLS0tLS0tLS0tLS/rCGPg31/jVDH93OFebw1zD/Ds3YTvO++a6oPtB2c/72YEtLS0tLS0tLS0tLS0tL+5LaReu0cck8fv4w73JvY6/6Xe7XfsliWqFoSxaXvm6//ll3dFpaWlpaWlpaWlpaWlra59GGH8uHxK9hPaENVVMvuahtCwynfjlg0/8JMm4x4ved4mhpaWlpaWlpaWlpaWlpf6St80Hu0Z708YXaqzbBfp/bq5dUMl/ljfFtgNCMbd0e3Nj2TktLS0tLS0tLS0tLS0v7OtqSfiyMfR0cEp/GPvSvG7TvfVU+d0cPA8TWbI/1XqOlpaWlpaWlpaWlpaWl/ZG2lOWNYOOK9zntM78MPp9bp637mnjeN35jr/r2x/eX0dLS0tLS0tLS0tLS0tI+jbYM1hNyTXzd19Cn1YJw9nuTiurrgMvafHh81G+dlpaWlpaWlpaWlpaWlvaltKPlgNH9ZWFP+nHWntsAh773Wrj0O98CHn6ihhH38856WlpaWlpaWlpaWlpaWtrf0h77B4fB/dn9+6wWL3hzl3t9ZEK+T1X5Iy0tLS0tLS0tLS0tLS3tS2rDpvZW8V7lyf4gufdal7Ce0Nq7jWroixFpaWlpaWlpaWlpaWlpaWnTIfEbneLa7P/afv19cDA9j1jSgkR4cOkx67yGQUtLS0tLS0tLS0tLS0v7f9AOsu5r6DduBHtPXzmlS8dG3dFP89Hw9b3ea7S0tLS0tLS0tLS0tLS0z60d7HKfLjTbpZJ5TT82tUs/zFd05/cPn++0gxH//Bw6LS0tLS0tLS0tLS0tLe1Iu0juDp4r5K252lRDfyi5m9tiI/nNojotLS0tLS0tLS0tLS0t7atoRURERERERERERERERERERERERERERERERERERERE/iv5XwAAAP///fcfQ8XLfggAAAAASUVORK5CYII=","2026-04-07T19:55:01Z","2026-04-06T19:55:02Z",""
"Doacao PIX 152780597421","152780597421","pending","20","00020126480014br.gov.bcb.pix0126doe@institutocomuta.org.br520400005303986540520.005802BR5914HGFEHDBCA307296009Sao Paulo62250521mpqrinter152780597421630456D2","data:image/png;base64,iVBORw0KGgoAAAANSUhEUgAABWQAAAVkAQMAAABpQ4TyAAAABlBMVEX///8AAABVwtN+AAAKPElEQVR42uzdQZLiuBIGYBEsWHIEjlJHo47GUTgCSxYEejE0wpmy3E1V9ZuIge/fjYeyP/fOylSqiIiIiIiIiIiIiIiIiIiIiIiIiIiIiIiIiIiIiIiIyL+YXZ3ns5Rar6Vsbv91KGVfaynrWs+lbO8Xrre/fvyilFWtl9v/bhfK7U8ed7z9otZ6as9sgu1AcKClpaWlpaWlpaWlpaWlfT/tob/wOf3XdtLGe7dfbGo9lvLxz4Vf2jJZugvt/U+3a/t/LlzCI35HoqWlpaWlpaWlpaWlpaX9vrZ9GZ+att4/wcvN0nKeLlzb9/fx/rNV+9GvC+EGC8na/fQIWlpaWlpaWlpaWlpaWlrapN30pe2H9nPC1amovg7XWg39sXxwe59ze+ygKk9LS0tLS0tLS0tLS0tL+69owxf34f49Xdu9a6qy75bavmc19Npry9/6QqelpaWlpaWlpaWlpaWlfRHtrMs94+r967+29YEy73J/PPo4eERYoTiNtT/qyaelpaWlpaWlpaWlpaWlfQXt72avnZrltjgQLqzahbwPfdsulHQhVPzDhXX+B/n5pDhaWlpaWlpaWlpaWlpa2j+nb2qP2jJVvGsaKD77Qp+1vefhbetQVP9RaGlpaWlpaWlpaWlpaWlfQfuRPvZrP8v8Y9CkHmroi7kOauiz99mkNYw/drnT0tLS0tLS0tLS0tLS0r6N9jj4RetJzxX/bl95S77Bo8A/65tvKxT1C/vQaWlpaWlpaWlpaWlpaWm/q53t7C5p33aelHbJ7xO07Y55J/gqf+KHeW/5m//4bA2dlpaWlpaWlpaWlpaWlvZ1tGE6+qhCfprufQlN6rXHfaYzu0PZPXfFZ+0l/Ht9Theem+VOS0tLS0tLS0tLS0tLS1uemze+6s/7WoUv9Dp9kG+n3y8nnAgWRq11RfUZZfxPRktLS0tLS0tLS0tLS0v7btrHcsB+KoHXccn8lnW/fHBJKxTX8IvQJr8wjC1ceG49gZaWlpaWlpaWlpaWlpb2pbQ522kOWjd7Lc8y30+T1Rb4YT0hT3OraR967JunpaWlpaWlpaWlpaWlpf2r2vA9XQYnbC+8T/v9ZiqZxwp5GXzzZ20+ESxvHqelpaWlpaWlpaWlpaWlfUNt6e+9WOBet33l+YiwXaqyb/vZazVNR88XulPAv3CINy0tLS0tLS0tLS0tLS3tC2o/0sf+r+WA2df/4p7zMCnu0r//o+29pi739ohLOhGthDvS0tLS0tLS0tLS0tLS0v4VbfhCP/X3PvWjy0MNfZ32fv+6cOrb3sP3dyyS50WAw/fWE2hpaWlpaWlpaWlpaWlpX0r7MXWtl+neoxO2z/109HN79LhJfZ2a2rv1hNwmPx7vRktLS0tLS0tLS0tLS0v7fe3CiWABlxvJH++Tx4vv+6J6+ELfpZcZdaKXr81eo6WlpaWlpaWlpaWlpaV9PW3ucj8NiuptPeGSRq2t2oXj/WHXgDvcX/eSFiSugfM5v+OToaWlpaWlpaWlpaWlpaV9VW3plw/CekJoAZi1oOczu6Nl1gcfZrUt3zFPc6OlpaWlpaWlpaWlpaWl/aF2l0742k6D0WrYt13mRfXRzu5HhXzU5T6YN15zDf2J2Wu0tLS0tLS0tLS0tLS0tK+qLf35XbXnhxO2Q1F9FUrgs3Hp4XVPU8m8OxZ8lrbA8Mcud1paWlpaWlpaWlpaWlra19Pu0h+c+up7adPRb9lMZ3Z39fz2i21qAcj70FeZnyv++3TCGS0tLS0tLS0tLS0tLS3tz7VtZ/fy93SYrHbufz87s/t3s9riseDhjts0HX3z1AnjtLS0tLS0tLS0tLS0tLSvqR2MWpvV0OPvP5fOL9um6egl7WyP491m+9Bn89ZpaWlpaWlpaWlpaWlpaX+oDdPBZ33jm9TUHWvoQTv6ZC/TvPH8upvBRu7af9TT0tLS0tLS0tLS0tLS0r6nNmzkzh3no/WEvNV7YT0h7P3e9qZT+5N2g21/6HelpaWlpaWlpaWlpaWlpX0/bSjwb8Km8sWN6U27Cidyt/WES6r4r/ICQ5m/T8nPfG5SHC0tLS0tLS0tLS0tLS3tk9rwv3KB+9rfKn+hr3JP+n4atVZSl3uZPshX/aHfZVymr7S0tLS0tLS0tLS0tLS076cN+9DP/ei0zL+kW63y7LVxl3sdrFDkXzxq6IH/3Ow1WlpaWlpaWlpaWlpaWtpX047L8avxJvEy8Wf70C/jvvndUpv848Ih8QstLS0tLS0tLS0tLS0t7V/Sfgy3XY9uVadP9mu+QWtSf2zMznvFR5m97nP/oLS0tLS0tLS0tLS0tLS0L629/q7LPawWzJYDdlNRPa4nlLRTfZ/+QVrWeflgvG+dlpaWlpaWlpaWlpaWlvb72lYyP6eHdbusW9/4KZXYZ0dub/sXzFX50RHds0WAP84bp6WlpaWlpaWlpaWlpaV9Pe1uqnjH9YTGOaUS+7kvmecLcYWipKJ6fv/wMqPxbr8JLS0tLS0tLS0tLS0tLe2ramcd57v7pLRrWj4ooXyfK/jHqe19nQr2CxvZtwPtF1c/aGlpaWlpaWlpaWlpaWmf1H6kWx3vX+ij07k2/c7uxy/2qYc9H+K9qO2++duFHS0tLS0tLS0tLS0tLS3tW2pDC/ryrfqSeXdmd9t2Hm4Qp6PXtNW9LVlc+rr9+tlZ7rS0tLS0tLS0tLS0tLS0L6j9GB7Rfc2rBflPwvllu/svflX8T/1yQH7/2uNqeuaTc+1oaWlpaWlpaWlpaWlpaZ/RhlnmCz3ph0GXe/sg39zu/TF9kIeS+Sr/SXu7MIxt3a8KXAZ1e1paWlpaWlpaWlpaWlrat9CW9LBw7+tgk/h5fH5ZTdpj6nLPL1hDDT2PZnt69hotLS0tLS0tLS0tLS0t7ZcmeM9OBBtXvM/T29V8RHfO4gd27hsf5Ss7u2lpaWlpaWlpaWlpaWlpX09bBusJuSaet12vQk96OBFsOy6qf/bavHk8981/PbS0tLS0tLS0tLS0tLS0/3ntaDkgfOyfpl8+etIPk/bcbvDZz17LXe77vpH+M/UQjLa609LS0tLS0tLS0tLS0tL+XHvoL3wOzs/u32c1e8FBl/uoQr7wQb5PVfkDLS0tLS0tLS0tLS0tLe1basPyQdskvuqb2mfJs9e65G3nNQ1g3/3mjrS0tLS0tLS0tLS0tLS0tGmT+KNJPU+Ka1//1/b042Bj+mHQMrDYQ1DShbiGQUtLS0tLS0tLS0tLS0v7f9CWqSZ+6G8VmtpHJ4Id09NP6dCxPF79cWb3x3Th/L31BFpaWlpaWlpaWlpaWlral9AOutzjgWb7Gg/Urune5f6wVW6MX+xy3/Zb3XOb/Df3odPS0tLS0tLS0tLS0tLSjrSz5OnguULehqs9auh/zjHNXgt945f2iFZlv9DS0tLS0tLS0tLS0tLSvqtWRERERERERERERERERERERERERERERERERERERETkv5L/BQAA//8K1G3XEIGH8wAAAABJRU5ErkJggg==","2026-04-07T18:55:59Z","2026-04-06T18:56:00Z",""
"Doacao PIX 153527935796","153527935796","pending","20","00020126480014br.gov.bcb.pix0126doe@institutocomuta.org.br520400005303986540520.005802BR5914HGFEHDBCA307296009Sao Paulo62250521mpqrinter1535279357966304683E","data:image/png;base64,iVBORw0KGgoAAAANSUhEUgAABWQAAAVkAQMAAABpQ4TyAAAABlBMVEX///8AAABVwtN+AAAKHUlEQVR42uzdQVLrOBAGYKeyyDJHyFE4WnK0HIUjZJlFCk8NQXa3JIPfg5qqwd+/mSk/kD+zk9RqDSIiIiIiIiIiIiIiIiIiIiIiIiIiIiIiIiIiIiIiIvIf5jS2ufz7D7v3/731f+s8vg3D/v0nXj8eTHk+GP/9iWEYjvODcRzv8wBj+d9jR3ClpaWlpaWlpaWlpaWlpd2e9lo/uHyM/dS+1A9K9u9vfw7Q8Mf6wfv33xPuUbTXz0m0tLS0tLS0tLS0tLS0tH+vDZbTPEOfxn7XPur59GMYDmU+ff548JyQv3zMv/dhxHf+IT2I2jLFv9PS0tLS0tLS0tLS0tLS0sah4o53ScC9hcfvKw678vZT+p7wuW9lgGfKggQtLS0tLS0tLS0tLS0t7X+snebTwzz/nnBlh/w+P1jIbS4T34VXjKlunJaWlpaWlpaWlpaWlpaWtl/lXpYPpqL2zh76NPY4/8q0hz6mo95FG6vcs/ZbNfm0tLS0tLS0tLS0tLS0tL9B2+u9FtYTXuaa9PBgVx68pgehyj0+yNryYF8fTP/bTnG0tLS0tLS0tLS0tLS0tOsTatKvnbEvH+e2x1k7dCbwjzRitame//lboaWlpaWlpaWlpaWlpaX9DdqXuQQ9rCc0CwyP+hz6QpV703st5PDJiGNYoaClpaWlpaWlpaWlpaWl3Zq2nENvjp2v1Z7SAsOtriG4LdbN588NP0FLS0tLS0tLS0tLS0tL+yPasGWet8CrB2XLvLxsV3dKqzqrhT305hbw0/x1Ubt6U52WlpaWlpaWlpaWlpaW9ldqmy3wYb6/bFFbLUiUBYZbap2276wnjPWIuZB+XLHjT0tLS0tLS0tLS0tLS0u7Rptv5xrSjWBDunI7XuKdq7xL77Ux9Scf6yl7dWd3vmMsnxWnpaWlpaWlpaWlpaWlpd2aNtzBvfzPYaixs0Melg/G1B29OSs+dUcf0gLDNX0gLS0tLS0tLS0tLS0tLe1mteVysXBn965uhj6UBYaAu6cd/6F/GVm5rmyoj7o/6pqDR+bT0tLS0tLS0tLS0tLS0v6QtrcF3qQ52Z3L5POW+dD5/mkTPs/Qz3WdPS0tLS0tLS0tLS0tLS3tJrXTZD+M/Xz7S+cY+XtRe+6Utut82iMdZN/VJ9uHej2BlpaWlpaWlpaWlpaWlnaz2tDcvDfZv6UHywOUTnEhb/lceVh/OM2d4u6lhiC84rS8409LS0tLS0tLS0tLS0tLu16bZ+jjXNQ+zbjDBveqG7bDLeBDwHWuBX/Uzdj+cD2BlpaWlpaWlpaWlpaWlvb3aPOV22H2P439Mu94hwdvWXtO77t+LB88wgpFh998f7zQjJaWlpaWlpaWlpaWlpb2+9rmRrB8MDsMdZ97r8WT3aVu/BG6iecO5vkg92tnzr+u9xotLS0tLS0tLS0tLS0t7S/Whir34zxU1e28aMMNYlN39HDU+5helu/gjksW53bEakGClpaWlpaWlpaWlpaWlnZT2ubO7rye0BwSP6brynJh/D50Rw8/n7W3tOOf27vtaWlpaWlpaWlpaWlpaWl/VJuHalqt5Q3uW9oyD7vscYDwK0NnxFN9C3i+FvxES0tLS0tLS0tLS0tLS7td7dDpg7Zcgp5v2O5vgTd3hlWvqLupr9xDp6WlpaWlpaWlpaWlpaXdgLasFkyd4qbfLPxjxxLapR9rba9uvjmHHtqlrw4tLS0tLS0tLS0tLS0t7aqEZujPDe66s9pQhjqmg9yhyj3iwtnvXtl7PiveFNLT0tLS0tLS0tLS0tLS0m5QG27YzusJYy57zxvc53R/2eJ6Qq6bn9q7Ndv0w9yMbc2d3bS0tLS0tLS0tLS0tLS0K7Wl1dqhU8Dda4w21ue2e3XjZYY+dq4IOy3Vja+8v4yWlpaWlpaWlpaWlpaW9vdpS+J1XZ+tJ9xSTfqhPtkdtszjekJIuNV76ub2knqvrQgtLS0tLS0tLS0tLS0t7S/U9l6Wz6Gfl5YPpu5sl/lzx05R+yWdbC8Pprr5a/oLrbhtjZaWlpaWlpaWlpaWlpb2j7T3+obt3Bgtbqo3O+Sh1VrZQx/rOf/bYkvzUFl/XztDp6WlpaWlpaWlpaWlpaX9bdqm7P2SNtWv9aZ60eZz6JU2d0cP3x+u6I5V7mGBgZaWlpaWlpaWlpaWlpZ2g9pTfex8SLeN5cl+Txv255sFhmk9oV8mn0ccOyPS0tLS0tLS0tLS0tLS0v69duhscF+6e+iPVPb+Vi70Cp+bJ+RDuBHs0rl0rHxd76z4QEtLS0tLS0tLS0tLS0u7Me1p3vFernIf6rHzakHujh6K2vfp+585pq87dI6unz5d/aClpaWlpaWlpaWlpaWlXal9nuzOQ4W68cU7u6dmbKc0ZZ/4Q2rGdkmb8Kd6yzwUkt9paWlpaWlpaWlpaWlpaTetrdYTShn7Mf1m0y69V+Ueeq896jL5ZoWi195tpKWlpaWlpaWlpaWlpaXdnjZcV5a345vlg6l/+nVebmhm/8dae5zPoU+F9M8HnTWML9cTaGlpaWlpaWlpaWlpaWn/SHtNG9zNfDpf0V3GrqrcL7W2TMHziPEVzZy/PPjyZDctLS0tLS0tLS0tLS0t7a/Ujt2a9GqBoUz2mxWH13oL/HWum9+HMvlh+HQXvxmRlpaWlpaWlpaWlpaWlnZT2pJd/bO7sJ4QjpHnU+Nj587u3DruVr/oOP9BHvUfJC5x0NLS0tLS0tLS0tLS0tJ+U7swQ+/cCBar3M/1PL3h51Zrl/QHGevvv3a29WlpaWlpaWlpaWlpaWlpN6UtO9hv4cF5bsY2bXB3bthu1h8m3LXzBwm78q+pvfpQjzjS0tLS0tLS0tLS0tLS0v6QNm+Zn+a68UPnN/PJ7vti2XcuPA+V6CH7PMvPDctpaWlpaWlpaWlpaWlpaTeprdIUqYcLwMa0/nCa99Bz77Vd3R19zJeONTeCvf/3QEtLS0tLS0tLS0tLS0u7Se1pbJNr0q+d1ml5w37xHPqjfkVPe6xvAf+yUxwtLS0tLS0tLS0tLS0t7UptU5Oed7xfUmO0on3LZfL9G8GaHOqT4HmGvk9187S0tLS0tLS0tLS0tLS0m9M2ndKaM+Flsn+blw8W0qwnlPWH5qh7U+W+Zg+dlpaWlpaWlpaWlpaWlnZb2mbsvBwwnUMPCxKxO/qQFhjGpQeH5H18VXxPS0tLS0tLS0tLS0tLS/ttbWnG1ox9q1ut5T3xaVLffG7TnS3voQ+fXBFGS0tLS0tLS0tLS0tLS7sVbafKvfnNfX2J9yPseJ/rZmx1VfwYbjgLe+j3/vfQ0tLS0tLS0tLS0tLS0v6I9ovea+PMny4Au9Rb5qX3Wvj+qt94uHRsSA3I89Hw73aKo6WlpaWlpaWlpaWlpaX9f2pFRERERERERERERERERERERERERERERERERERERET+L/knAAD//9EVeD+uu+YEAAAAAElFTkSuQmCC","2026-04-07T19:40:05Z","2026-04-06T19:40:06Z",""
